source,title,company,team_or_department,commitment,location,remote,salary,skills,posted_at,updated_at,apply_url,description
دفيئة,"[إبداء الاهتمام] باحث علمي/مهندس، ضبط المحاذاة",أنثروبي,أبحاث وهندسة الذكاء الاصطناعي,,"سان فرانسيسكو، كاليفورنيا",,2025,بايثون,,9/10/2025,https://job-boards.greenhouse.io/anthropic/jobs/4520279008,"نبذة عن أنثروبيك: مهمة أنثروبيك هي إنشاء أنظمة ذكاء اصطناعي موثوقة وقابلة للتفسير والتوجيه. نريد أن يكون الذكاء الاصطناعي آمنًا ومفيدًا لمستخدمينا وللمجتمع ككل. يتكون فريقنا من مجموعة سريعة النمو من الباحثين والمهندسين وخبراء السياسات وقادة الأعمال الملتزمين الذين يعملون معًا لبناء أنظمة ذكاء اصطناعي مفيدة. نبذة عن الدور: بصفتك باحثًا علميًا/مهندسًا في فريق ضبط المحاذاة في أنثروبيك، ستقود تطوير وتنفيذ تقنيات تهدف إلى تدريب نماذج اللغة التي تتوافق بشكل أكبر مع القيم الإنسانية: والتي تُظهر تفكيرًا أخلاقيًا أفضل، وصدقًا مُحسّنًا، وشخصية جيدة. ستعمل على تطوير تقنيات ضبط دقيقة جديدة واستخدامها لتحسين سلوك النموذج بشكل واضح. ملاحظة: بالنسبة لهذا الدور، نجري جميع المقابلات بلغة بايثون. لقد أكملنا عدد الموظفين لدينا لعام 2025. ومع ذلك، فإننا نترك هذا النموذج مفتوحًا للتعبير عن الاهتمام لأننا نتوقع زيادة عدد الفريق في المستقبل، وسنراجع طلبك عند حدوث ذلك. على هذا النحو، قد لا تتلقى ردًا على طلبك لهذا الفريق حتى العام الجديد المسؤوليات: تطوير وتنفيذ تقنيات الضبط الدقيق الجديدة باستخدام توليد البيانات الاصطناعية وأنابيب التدريب المتقدمة استخدمها لتدريب النماذج للحصول على خصائص محاذاة أفضل بما في ذلك الصدق والشخصية وعدم الإضرار إنشاء أطر تقييم وصيانتها لقياس خصائص المحاذاة في النماذج التعاون بين الفرق لدمج تحسينات المحاذاة في نماذج الإنتاج تطوير العمليات للمساعدة في أتمتة وتوسيع نطاق عمل الفريق قد تكون مناسبًا إذا كنت: حاصلًا على ماجستير / دكتوراه في علوم الكمبيوتر أو التعلم الآلي أو مجال ذي صلة أو خبرة معادلة تمتلك مهارات برمجة قوية، وخاصة في بايثون لديك خبرة في تدريب نموذج التعلم الآلي والتجريب لديك سجل حافل في تنفيذ أبحاث التعلم الآلي إظهار مهارات تحليلية قوية لتفسير النتائج التجريبية لديك خبرة في مقاييس التعلم الآلي وأطر التقييم تتفوق في تحويل أفكار البحث إلى كود عمل يمكن تحديد وحل تحديات التنفيذ العملي قد يكون لدى المرشحين الأقوياء أيضًا: خبرة في ضبط نموذج اللغة خلفية في أبحاث محاذاة الذكاء الاصطناعي عمل منشور في التعلم الآلي أو المحاذاة خبرة في توليد البيانات الاصطناعية الألفة مع تقنيات مثل RLHF والدستورية الذكاء الاصطناعي ونمذجة المكافآت. سجل حافل في تصميم وتنفيذ مناهج تدريبية مبتكرة. خبرة في تقييم سلوك النماذج وتحسينه. نطاق الراتب المتوقع لهذا المنصب هو: الراتب السنوي: 315,000 - 340,000 دولار أمريكي. متطلبات التعليم في مجال اللوجستيات: نشترط الحصول على درجة البكالوريوس على الأقل في مجال ذي صلة أو خبرة معادلة. سياسة العمل الهجين القائمة على الموقع: نتوقع حاليًا تواجد جميع الموظفين في أحد مكاتبنا بنسبة 25% على الأقل من الوقت. ومع ذلك، قد تتطلب بعض الوظائف مزيدًا من الوقت في مكاتبنا. رعاية التأشيرات: نرعى التأشيرات! ومع ذلك،نحن لسنا قادرين على رعاية التأشيرات بنجاح لكل دور ولكل مرشح"
دفيئة,"[إبداء الاهتمام] باحث علمي/مهندس، نزاهة",أنثروبي,أبحاث وهندسة الذكاء الاصطناعي,,"مدينة نيويورك، نيويورك؛ سان فرانسيسكو، كاليفورنيا",,2025,"llm، بايثون، راج",,9/10/2025,https://job-boards.greenhouse.io/anthropic/jobs/4532887008,"نبذة عن أنثروبيك: مهمة أنثروبيك هي إنشاء أنظمة ذكاء اصطناعي موثوقة وقابلة للتفسير والتوجيه. نريد أن يكون الذكاء الاصطناعي آمنًا ومفيدًا لمستخدمينا وللمجتمع ككل. يتكون فريقنا من مجموعة سريعة النمو من الباحثين والمهندسين وخبراء السياسات وقادة الأعمال الملتزمين الذين يعملون معًا لبناء أنظمة ذكاء اصطناعي مفيدة. نبذة عن الدور: بصفتك باحثًا علميًا/مهندسًا يركز على الصدق داخل فريق Finetuning Alignment، ستقود تطوير تقنيات لتقليل الهلوسة وتعزيز الصدق في نماذج اللغة. سيركز عملك على إنشاء أنظمة قوية ودقيقة تعكس مستويات الثقة الحقيقية في جميع المجالات، والتي تعمل على تجنب الخداع أو التضليل. سيكون عملك حاسمًا لضمان أن تحافظ نماذجنا على معايير عالية من الدقة والصدق في مختلف المجالات. ملاحظة: يقع مقر الفريق في نيويورك، ولذلك نفضل المرشحين الذين يمكن أن يكونوا مقيمين في نيويورك. بالنسبة لهذا الدور، نجري جميع المقابلات باستخدام بايثون. لقد أكملنا عدد الموظفين لدينا لعام 2025. ومع ذلك، فإننا نترك هذا النموذج مفتوحًا للتعبير عن الاهتمام نظرًا لأننا نتوقع زيادة عدد الفريق في المستقبل، وسوف نقوم بمراجعة طلبك عندما نفعل ذلك. على هذا النحو، قد لا تتلقى ردًا على طلبك لهذا الفريق حتى العام الجديد. المسؤوليات: تصميم وتنفيذ خطوط أنابيب جديدة لتنظيم البيانات لتحديد بيانات التدريب والتحقق منها وتصفيتها من أجل الدقة نظرًا لمعرفة النموذج. تطوير مصنفات متخصصة للكشف عن الهلوسة المحتملة أو الادعاءات غير المعايرة التي قدمها النموذج. إنشاء وصيانة معايير الصدق الشاملة وأطر التقييم. تنفيذ تقنيات لتأريض مخرجات النموذج في المعلومات التي تم التحقق منها، مثل أنظمة البحث والتوليد المعزز بالاسترجاع (RAG). تصميم ونشر مجموعة ردود الفعل البشرية خصيصًا لتحديد وتصحيح الاستجابات غير المعايرة. تصميم وتنفيذ خطوط أنابيب المطالبة لتوليد البيانات التي تعمل على تحسين دقة النموذج وصدقه. تطوير واختبار بيئات التعلم التعزيزي الجديدة التي تكافئ المخرجات الصادقة وتعاقب الادعاءات الملفقة. إنشاء أدوات لمساعدة المقيمين البشريين على تقييم مخرجات النموذج بكفاءة من أجل الدقة. قد تكون مناسبًا إذا كنت: حاصلًا على درجة الماجستير / الدكتوراه في علوم الكمبيوتر أو التعلم الآلي أو مجال ذي صلة. امتلاك مهارات برمجة قوية في Python. لديك خبرة في الصناعة في ضبط نموذج اللغة وتدريب المصنف. عرض الكفاءة في التصميم التجريبي والتحليل الإحصائي لقياس التحسينات في المعايرة والدقة. الاهتمام بسلامة الذكاء الاصطناعي ودقة وأمانة أنظمة الذكاء الاصطناعي الحالية والمستقبلية. الخبرة في علم البيانات أو إنشاء مجموعات البيانات وتنظيمها من أجل ضبط برامج الماجستير في القانون. فهم المقاييس المختلفة لعدم اليقين والمعايرة والصدق في مخرجات النموذج. قد يكون لدى المرشحين الأقوياء أيضًا: عمل منشور في مجال الوقاية من الهلوسة، والتأسيس الواقعي،أو تكامل المعرفة في نماذج اللغة الخبرة في تقنيات التأريض بالحقائق الخلفية"
دفيئة,رئيس محاسبة البنية التحتية للذكاء الاصطناعي,أنثروبي,تمويل,,"سان فرانسيسكو، كاليفورنيا",,842,"AWS، Azure، GCP، SQL",,9/3/2025,https://job-boards.greenhouse.io/anthropic/jobs/4756214008,"نبذة عن أنثروبيك: تتمثل مهمة أنثروبيك في إنشاء أنظمة ذكاء اصطناعي موثوقة وقابلة للتفسير والتوجيه. نريد أن يكون الذكاء الاصطناعي آمنًا ومفيدًا لمستخدمينا وللمجتمع ككل. يتكون فريقنا من مجموعة متنامية بسرعة من الباحثين والمهندسين وخبراء السياسات وقادة الأعمال الملتزمين الذين يعملون معًا لبناء أنظمة ذكاء اصطناعي فعّالة. نبذة عن الدور: تبحث أنثروبيك عن قائد استثنائي لمحاسبة البنية التحتية للذكاء الاصطناعي للانضمام إلى فريق المحاسبة المؤسسية لدينا. في هذا المنصب القيادي الاستراتيجي، ستتولى بناء وقيادة وحدة محاسبة البنية التحتية المسؤولة عن إدارة جميع جوانب الحوسبة السحابية والبنية التحتية للمنصات وتكاليف البيانات. مع استمرار نمونا السريع، ستضمن قابلية التوسع التشغيلي والدقة المالية للوظائف الأساسية التي تُمكّن أنثروبيك من تحقيق النجاح البحثي والتجاري. ستشرف على المحاسبة الشاملة والتقارير المالية لأكبر مركز تكلفة لدينا، بالتعاون الوثيق مع فرق متعددة الوظائف، بما في ذلك المالية وتخطيط القدرات والهندسة. ستطور وتنفذ عمليات وضوابط وأنظمة قابلة للتوسع لدعم التعقيد المالي المتزايد في أنثروبيك، مع توفير رؤى قيّمة تُسهم في اتخاذ القرارات الاستراتيجية. وهذه فرصة فريدة من نوعها لإحداث تأثير كبير على جانب مهم من أعمالنا مع قيامنا بتوسيع نطاق البنية التحتية للذكاء الاصطناعي لدينا. المسؤوليات: قيادة الفريق المسؤول عن المحاسبة الشاملة وإعداد التقارير للبنية التحتية للذكاء الاصطناعي، بما في ذلك الحوسبة وتكلفة الإيرادات ونفقات البحث والتطوير. تطوير وتنفيذ إطار عمل شامل لمحاسبة تكاليف البنية التحتية، وضمان التصنيف المناسب بين تكلفة الإيرادات ونفقات التشغيل. ضمان إعداد تقارير مالية دقيقة وفي الوقت المناسب لدعم اتخاذ القرارات الاستراتيجية من قبل قادة الأعمال. الشراكة مع الفرق الفنية لفهم متطلبات البنية التحتية المعقدة وترجمتها إلى مصطلحات مالية. التعاون عبر الوظائف لتحسين خطوط أنابيب البيانات الأولية وتعزيز قدرات إعداد التقارير. تصميم وتوسيع نطاق الأنظمة والعمليات لدعم التعقيد المالي المتزايد لشركة Anthropic. الاستفادة من الخبرة المحاسبية الفنية لدعم مراجعة الترتيبات المعقدة، بما في ذلك محاسبة الإيجار ASC 842 للبنية التحتية. بناء وتوجيه فريق عالي الأداء من محترفي المحاسبة الذين يركزون على تكاليف البنية التحتية. العمل كحلقة وصل أساسية مع المراجعين الخارجيين لتكاليف الحوسبة والبنية التحتية. قيادة تحسينات العمليات والأتمتة لتعزيز كفاءة ودقة التقارير المالية. تقديم رؤى استراتيجية للقيادة حول فرص تحسين التكلفة والآثار المالية لقرارات البنية التحتية. قد تكون مناسبًا إذا كنت: لديك أكثر من 12 عامًا من الخبرة التقدمية في المحاسبة، مع خبرة تشغيلية في شركات التكنولوجيا حاصل على درجة البكالوريوس في المحاسبة أو المالية،يفضل أن يكون حاصلاً على شهادة المحاسب القانوني المعتمد أو ما يعادله. لديه خبرة واسعة في إدارة تكاليف الحوسبة السحابية أو البنية التحتية في بيئة تكنولوجية عالية النمو. يمتلك مهارات تقنية قوية"
دفيئة,نجاح العملاء: مهندس نجاح الذكاء الاصطناعي (API),أنثروبي,مبيعات,,"سان فرانسيسكو، كاليفورنيا | مدينة نيويورك، نيويورك",,200 دولار,ماجستير في القانون,,9/3/2025,https://job-boards.greenhouse.io/anthropic/jobs/4464871008,"نبذة عن أنثروبيك: تتمثل مهمة أنثروبيك في إنشاء أنظمة ذكاء اصطناعي موثوقة وقابلة للتفسير والتوجيه. نريد أن يكون الذكاء الاصطناعي آمنًا ومفيدًا لمستخدمينا وللمجتمع ككل. يتكون فريقنا من مجموعة سريعة النمو من الباحثين والمهندسين وخبراء السياسات وقادة الأعمال الملتزمين الذين يعملون معًا لبناء أنظمة ذكاء اصطناعي مفيدة. نبذة عن الدور: بصفتك مهندس نجاح العملاء: مهندس نجاح الذكاء الاصطناعي (API) في أنثروبيك، ستكون شريكًا استراتيجيًا والمستشار الفني المفضل لعملائنا من المؤسسات في مجال واجهات برمجة التطبيقات، مما يساعدهم على تسخير الإمكانات الكاملة لتكنولوجيا LLM الخاصة بنا لتحقيق أهداف أعمالهم. ستعمل مع العملاء الاستراتيجيين من خلال تقديم التوجيه الفني مع تعزيز الاستهلاك وتحسين حلول واجهة برمجة التطبيقات الخاصة بأنثروبيك. يركز دورك على مساعدة العملاء على توسيع نطاق استخدامهم بفعالية، وتحديد حالات استخدام جديدة، وتعظيم قيمة تكاملات واجهات برمجة التطبيقات الحالية لديهم. المسؤوليات: بناء علاقات ثقة واستراتيجية مع صناع القرار الرئيسيين للعملاء الشراكة مع العملاء لفهم أهداف أعمالهم ومتطلباتهم الفنية وتوجيههم نحو الاستخدام الأمثل لحلول واجهة برمجة التطبيقات من Anthropic دفع الاستهلاك من خلال تطوير وتنفيذ خطط الحسابات التي ترتكز على أهداف أعمال كل عميل، والتوسع في حالات الاستخدام التي تقود نحو تلك الأهداف، وتحديد فرص جديدة للنمو مساعدة العملاء على تحسين تطبيقاتهم من خلال فهم عميق لإمكانيات واجهة برمجة التطبيقات الخاصة بـ Anthropic ومنهجيتها وتقنيات المطالبة مراقبة أنماط استخدام واجهة برمجة التطبيقات للتخفيف من المخاطر وتقديم توصيات للتحسين والدفع نحو فرص التوسع قيادة اجتماعات منتظمة لأصحاب المصلحة من العملاء ومراجعات الأعمال الفصلية، مع التركيز على أنماط الاستخدام وقصص النجاح وفرص النمو إنشاء عروض توضيحية لعرض حالات الاستخدام والقدرات الجديدة المحتملة التي تبني على التكاملات الحالية العمل بشكل متعدد الوظائف مع المديرين التنفيذيين لحسابات المؤسسات لتحديد فرص التوسع ومتابعتها داخل الحسابات الحالية العمل كصوت العميل لفرق المنتجات والهندسة، وتقديم ملاحظات مفصلة حول احتياجات العملاء ومتطلبات الميزات قد تكون مناسبًا إذا كنت: أكثر من 5 سنوات من الخبرة في الأدوار الفنية التي تواجه العملاء (نجاح العملاء، وإدارة الحسابات الفنية، - استشاري حلول أو ما شابه ذلك - فطنة تقنية مع فهم واجهات برمجة التطبيقات ومفاهيم التكامل ومبادئ تطوير البرمجيات - خبرة في شرح المنتجات التقنية وإظهارها لمختلف الجماهير - فهم تقنيات LLM والذكاء الاصطناعي، مع القدرة على توجيه العملاء إلى أفضل ممارسات التحسين - سجل حافل في قيادة التبني والاستهلاك التقني في بيئات المؤسسات - قدرة ممتازة على ترجمة المفاهيم التقنية لمختلف الجماهير، من المطورين إلى المديرين التنفيذيين - مهارات قوية في إدارة المشاريع والقدرة على إدارة علاقات العملاء المتعددة - الموعد النهائي للتقديم: لا يوجد.سيتم مراجعة الطلبات بشكل دوري. الراتب المتوقع"
دفيئة,"عالم بيانات، API",أنثروبي,علم البيانات والتحليلات,,"سان فرانسيسكو، كاليفورنيا",,"275,00 دولارًا","AWS، LLM، بايثون، SQL",,9/11/2025,https://job-boards.greenhouse.io/anthropic/jobs/4915058008,"حول Anthropic تتمثل مهمة Anthropic في إنشاء أنظمة ذكاء اصطناعي موثوقة وقابلة للتفسير وقابلة للتوجيه. نريد أن يكون الذكاء الاصطناعي آمنًا ومفيدًا لمستخدمينا وللمجتمع ككل. يتكون فريقنا من مجموعة سريعة النمو من الباحثين والمهندسين وخبراء السياسات وقادة الأعمال الملتزمين الذين يعملون معًا لبناء أنظمة ذكاء اصطناعي مفيدة. حول الدور بصفتك عضوًا مبكرًا في فريق علوم البيانات والتحليلات لدينا الذي يركز على واجهة برمجة التطبيقات (API) الخاصة بنا، ستلعب دورًا حاسمًا في دفع نمو وتحسين منتجات واجهة برمجة التطبيقات الخاصة بـ Anthropic التي تدعم آلاف المطورين والمؤسسات التي تعمل على البناء باستخدام الذكاء الاصطناعي. ستعمل على تقاطع استراتيجية المنتج ورؤى العملاء وتحسين الإيرادات للمساعدة في توسيع نطاق منصة واجهة برمجة التطبيقات لدينا من ملايين إلى مليارات مكالمات واجهة برمجة التطبيقات مع الحفاظ على التزامنا بالسلامة والموثوقية. ستتعاون بشكل وثيق مع فرق المنتج والهندسة وطرح المنتج في السوق لفهم سلوك المطورين وعملاء المؤسسات وتحديد فرص النمو واتخاذ قرارات مستنيرة بالبيانات تشكل خارطة طريق واجهة برمجة التطبيقات الخاصة بنا. يوفر هذا الدور فرصة فريدة للتأثير على كيفية نشر الذكاء الاصطناعي على نطاق واسع عبر الصناعات أثناء العمل مع نماذج اللغة وأدوات المطورين المتطورة. المسؤوليات: تحليلات منتجات واجهة برمجة التطبيقات: التعمق في أنماط استخدام واجهة برمجة التطبيقات، وممرات اعتماد المطورين، وسلوك عملاء المؤسسات لتوفير رؤى قابلة للتنفيذ تعمل على دفع استراتيجية المنتج وتحديد أولويات الميزات. تحليل الإيرادات والاحتفاظ: تحليل مقاييس دورة حياة العميل، وأنماط الاحتفاظ بالإيرادات، وديناميكيات الفوترة القائمة على الاستخدام لتحديد فرص النمو وتقليل معدل دوران العملاء عبر قاعدة عملاء واجهة برمجة التطبيقات لدينا. تحسين تجربة المطور: تصميم وتحليل التجارب لتحسين اعتماد واجهة برمجة التطبيقات، وتقليل الوقت المستغرق لتحقيق القيمة للمطورين، وتعزيز تجربة المطور الشاملة عبر نظامنا البيئي للمنصة. تجزئة العملاء والرؤى: بناء نماذج متطورة لتقسيم عملاء واجهة برمجة التطبيقات حسب حالة الاستخدام وحجم الشركة وأنماط السلوك لإبلاغ تطوير المنتجات المستهدفة واستراتيجيات طرح المنتج في السوق. تحليل عبر الأنظمة الأساسية: تحليل سلوك العملاء عبر نظام Anthropic البيئي (واجهة برمجة التطبيقات 1P، Bedrock، Vertex AI) لفهم تفضيلات النظام الأساسي وأنماط التبديل وفرص التحسين. التجريب واختبار A / B: تصميم وتنفيذ وتحليل التجارب التي يتم التحكم فيها على ميزات واجهة برمجة التطبيقات واستراتيجيات التسعير ودمج المطورين. التدفقات لتحقيق تحسينات قابلة للقياس في المقاييس الرئيسية النمذجة التنبؤية: تطوير نماذج للتنبؤ باستخدام واجهة برمجة التطبيقات، والتنبؤ بإمكانات نمو العملاء، وتحديد الإشارات المبكرة للتوسع أو مخاطر الانسحاب ذكاء العملاء المؤسسي: الشراكة مع فرق المبيعات ونجاح العملاء لتحليل أنماط استخدام عملاء المؤسسة، وقياس تبني الميزات، وتقديم رؤى تفيد استراتيجية الحساب قد تكون مناسبًا إذا كنت: لديك خبرة لا تقل عن 6 سنوات في أدوار علوم البيانات أو التحليلات، مع خبرة كبيرة في منتجات واجهة برمجة التطبيقات، وأدوات المطور،أو منصات SaaS B2B لديها أكثر من 3 سنوات"
دفيئة,"عالم البيانات، كلود كود",أنثروبي,علم البيانات والتحليلات,,"سان فرانسيسكو، كاليفورنيا",,"275,00 دولارًا","بايثون، إس كيو إل",,9/3/2025,https://job-boards.greenhouse.io/anthropic/jobs/4826091008,"حول Anthropic تتمثل مهمة Anthropic في إنشاء أنظمة ذكاء اصطناعي موثوقة وقابلة للتفسير وقابلة للتوجيه. نريد أن يكون الذكاء الاصطناعي آمنًا ومفيدًا لمستخدمينا وللمجتمع ككل. يتكون فريقنا من مجموعة سريعة النمو من الباحثين والمهندسين وخبراء السياسات وقادة الأعمال الملتزمين الذين يعملون معًا لبناء أنظمة ذكاء اصطناعي مفيدة. حول الدور بصفتك عضوًا مبكرًا في فريق علوم البيانات والتحليلات لدينا الذي يدعم Claude Code، ستلعب دورًا حاسمًا في تشكيل مستقبل أدوات المطورين التي تعمل بالذكاء الاصطناعي. Claude Code هي أداة سطر أوامر من Anthropic والتي تمكن المطورين من تفويض مهام الترميز مباشرة إلى Claude من محطتهم، مما يمثل أفقًا جديدًا في التعاون بين الإنسان والذكاء الاصطناعي لتطوير البرمجيات. سيتم دمجك مع فريق منتج Claude Code الخاص بنا لدفع عملية صنع القرار المستنيرة بالبيانات بينما نقوم بتوسيع نطاق أداة المطور الثورية هذه. من خلال العمل على تقاطع أبحاث قدرات الذكاء الاصطناعي وتطوير المنتجات، ستساعدنا في فهم كيفية تفاعل المطورين مع مساعدي ترميز الذكاء الاصطناعي، وقياس تأثير أداة لدينا على إنتاجية المطور، وتحديد الفرص لتحسين تجربة المطور. يُتيح هذا الدور فرصةً فريدةً للتأثير على تطوير أدوات الذكاء الاصطناعي المتطورة، مع العمل مع بعضٍ من أكثر نماذج اللغات تطورًا في العالم. ستساهم في إرساء أسس بياناتٍ لمنتجٍ سريع النمو في مجال التطوير بمساعدة الذكاء الاصطناعي الناشئ. المسؤوليات: الغوص العميق في كيفية استخدام المطورين لبرنامج Claude Code عبر لغات البرمجة المختلفة وأنواع المشاريع وسير العمل لتوفير رؤى تفيد استراتيجية المنتج وتطوير الميزات. تصميم وتنفيذ مقاييس لقياس كيفية تأثير برنامج Claude Code على إنتاجية المطور وجودة الكود وسرعة التطوير عبر حالات الاستخدام المختلفة ومستويات المهارة. تحليل الأنماط في التعاون بين الإنسان والذكاء الاصطناعي داخل سير عمل الترميز، وتحديد الفرص لتحسين التسليم بين المطورين و Claude من أجل تفويض مهام أكثر فعالية. تطوير فرضيات حول تغييرات المنتج، وتصميم تجارب يتم التحكم فيها مع مستخدمي المطورين، وتحليل النتائج لتوجيه أولوية الميزات والتطوير. تحديد نقاط الاحتكاك في رحلة مستخدم Claude Code وتقديم توصيات قائمة على البيانات لتحسين التكامل والاحتفاظ والمشاركة طويلة الأجل. بناء أطر قياس قوية لفهم أنماط اعتماد CLI واستخدام الميزات وتقسيم المستخدمين عبر شخصيات المطورين والمؤسسات المختلفة. الشراكة مع الهندسة لبناء قدرات تجريبية مصممة خصيصًا لأدوات المطور، مع مراعاة التحديات الفريدة لقياس الإنتاجية والرضا في سير عمل الترميز. إنشاء ممارسات البيانات الأساسية والبنية الأساسية لدعم التكرار السريع واتخاذ القرار حيث يعمل Claude قد تكون مناسبًا إذا كنت:لديك خبرة لا تقل عن 5 سنوات في أدوار علوم البيانات أو التحليلات مع التركيز بشكل كبير على تحليلات المنتج. لديك خبرة في العمل مع المطورين أيضًا"
دفيئة,"عالم بيانات، منصة (الموثوقية/الزمن الكامن/الاستدلال)",أنثروبي,علم البيانات والتحليلات,,"مناسب للعمل عن بُعد (يتطلب السفر) | سان فرانسيسكو، كاليفورنيا | سياتل، واشنطن | مدينة نيويورك، نيويورك",,"275,00 دولارًا","بايثون، إس كيو إل",,9/3/2025,https://job-boards.greenhouse.io/anthropic/jobs/4801333008,"حول أنثروبيك تتمثل مهمة أنثروبيك في إنشاء أنظمة ذكاء اصطناعي موثوقة وقابلة للتفسير وقابلة للتوجيه. نريد أن يكون الذكاء الاصطناعي آمنًا ومفيدًا لمستخدمينا وللمجتمع ككل. يتكون فريقنا من مجموعة سريعة النمو من الباحثين والمهندسين وخبراء السياسات وقادة الأعمال الملتزمين الذين يعملون معًا لبناء أنظمة ذكاء اصطناعي مفيدة. حول الدور بصفتك عضوًا مبكرًا في فريق علوم البيانات لدينا، ستلعب دورًا حاسمًا في ضمان أن أنظمة الذكاء الاصطناعي لدينا تقدم تجارب مستخدم استثنائية من خلال أداء موثوق به ومنخفض الكمون. ستكون عند تقاطع علوم البيانات والبنية التحتية، باستخدام تحليل دقيق لفهم كيفية تأثير أداء النظام الأساسي على سلوك المستخدم وتحديد الفرص عالية التأثير لتحسين موثوقية أنظمتنا واستجابتها. سيؤثر عملك بشكل مباشر على كيفية تجربة ملايين المستخدمين لنظام كلود وأنظمة الذكاء الاصطناعي الأخرى لدينا. ستقوم بقياس حساسية المستخدم للكمون والموثوقية والأخطاء ومعدلات الرفض، ثم تترجم هذه الأفكار إلى توصيات قابلة للتنفيذ تؤدي إلى تحسينات ذات مغزى للبنية التحتية لمنصتنا. يوفر هذا الدور فرصة فريدة لتشكيل الأساس التقني الذي يمكّن الذكاء الاصطناعي الآمن والرائد من التوسع عالميًا. المسؤوليات: تصميم وتنفيذ تحليلات شاملة لفهم كيفية تأثير زمن الوصول والموثوقية والأخطاء ومعدلات الرفض على مشاركة المستخدم ورضاه واحتفاظه عبر منصتنا. تحديد أولويات تحسينات البنية التحتية عالية التأثير من خلال تحليل أنماط سلوك المستخدم ومقاييس أداء النظام والعلاقة بين الأداء الفني ونتائج الأعمال. تطوير منهجيات قوية لقياس موثوقية المنصة وأدائها، بما في ذلك تحديد المقاييس الرئيسية وإنشاء خطوط الأساس وإنشاء أنظمة مراقبة تمكن التحسين الاستباقي. التعاون مع فرق الهندسة لتصميم اختبارات A / B والتجارب التي يتم التحكم فيها والتي تقيس تأثير تحسينات المنصة على تجربة المستخدم وأداء النظام. التحقيق في شذوذ الأداء وإجراء تحليل السبب الجذري لقضايا الموثوقية وتوفير رؤى قائمة على البيانات لتوجيه أولويات الهندسة والقرارات المعمارية. العمل بشكل وثيق مع فرق هندسة المنصة والمنتج والبحث لترجمة بيانات الأداء الفني إلى رؤى تجربة المستخدم والتوصيات الاستراتيجية. بناء نماذج للتنبؤ باحتياجات سعة المنصة والتنبؤ بقضايا الموثوقية المحتملة وتحسين تخصيص الموارد للحفاظ على الأداء الأمثل على نطاق واسع. تقديم تحليلات وتوصيات فنية معقدة لأصحاب المصلحة الفنيين وغير الفنيين، بما في ذلك قيادة الهندسة والفرق التنفيذية. قد تكون مناسبًا إذا كان لديك: درجة متقدمة في الإحصاء أو علوم الكمبيوتر أو الهندسة أو الرياضيات أو مجال كمي ذي صلة، مع أكثر من 5 سنوات من الخبرة العملية في علوم البيانات. فهم عميق للأنظمة الموزعة والبنية التحتية السحابية وهندسة الأداء.مع خبرة في تحليل مقاييس النظام واسعة النطاق"
دفيئة,"مدير الهندسة، تسريع التعلم الآلي",أنثروبي,أبحاث وهندسة الذكاء الاصطناعي,,"سان فرانسيسكو، كاليفورنيا | مدينة نيويورك، نيويورك | سياتل، واشنطن",,"425,00 دولارًا",,,9/3/2025,https://job-boards.greenhouse.io/anthropic/jobs/4741104008,"نبذة عن أنثروبيك: تتمثل مهمة أنثروبيك في إنشاء أنظمة ذكاء اصطناعي موثوقة، قابلة للتفسير والتوجيه. نريد أن يكون الذكاء الاصطناعي آمنًا ومفيدًا لمستخدمينا وللمجتمع ككل. يتكون فريقنا من مجموعة متنامية بسرعة من الباحثين والمهندسين وخبراء السياسات وقادة الأعمال الملتزمين، والذين يعملون معًا لبناء أنظمة ذكاء اصطناعي فعّالة. نبذة عن الدور: تُركز فرق الأداء والتوسع في أنثروبيك على الاستخدام الأمثل والأكثر فعالية لمواردنا الحاسوبية، سواءً في الاستدلال أو التدريب. بصفتك مديرًا للهندسة في هذه الفرق، ستكون مسؤولاً عن ضمان قيامك أنت وفريقك بتحديد الاختناقات وإزالتها، وبناء حلول فعّالة ودائمة، وتعظيم كفاءة أنظمتنا. كما ستساعد في إضفاء الوضوح والتركيز والسياق على فرقك في بيئة ديناميكية وسريعة التطور. المسؤوليات: توفير قيادة الخطوط الأمامية لجهود الهندسة لتحسين أداء النموذج وتوسيع نطاق أنظمة الاستدلال والتدريب لدينا. التعرف على المجموعة الفنية للفريق بما يكفي لتقديم مساهمات مستهدفة كمساهم فردي. إدارة التنفيذ اليومي لعمل الفريق. إعطاء الأولوية لعمل الفريق وإدارة المشاريع في بيئة ديناميكية للغاية وسريعة الخطى. تدريب ودعم تقاريرك في فهم نموهم المهني ومتابعته. الحفاظ على فهم عميق للعمل الفني للفريق وتداعياته على سلامة الذكاء الاصطناعي. قد تكون مناسبًا إذا كنت: لديك خبرة إدارية لا تقل عن عام واحد في بيئة تقنية، وخاصة أنظمة الأداء أو الأنظمة الموزعة. لديك خلفية في التعلم الآلي أو الذكاء الاصطناعي أو مجال تقني مماثل. مهتم بشدة بالتأثيرات التحويلية المحتملة لأنظمة الذكاء الاصطناعي المتقدمة وملتزم بضمان تطويرها الآمن. تتفوق في بناء علاقات قوية مع أصحاب المصلحة على جميع المستويات. أنت متعلم سريع، وقادر على فهم المناقشات حول الموضوعات التقنية المعقدة والمساهمة فيها. لديك خبرة في إدارة الفرق خلال فترات النمو والتغيير السريع. أنت دراسة سريعة: يقع هذا الفريق عند تقاطع عدد كبير من الأنظمة التقنية المعقدة المختلفة التي ستحتاج إليها فهم (على مستوى عالٍ من التجريد) ليكون فعالاً قد يكون لدى المرشحين الأقوياء أيضًا خبرة في: أنظمة التعلم الآلي عالية الأداء وواسعة النطاق برمجة وحدة معالجة الرسومات/المسرعات الأجزاء الداخلية لإطار عمل التعلم الآلي الأجزاء الداخلية لنظام التشغيل نمذجة اللغة مع المحولات نطاق الراتب المتوقع لهذا المنصب هو: الراتب السنوي: 425000 دولار أمريكي - 560000 دولار أمريكي متطلبات التعليم اللوجستي: نطلب درجة البكالوريوس على الأقل في مجال ذي صلة أو خبرة معادلة. سياسة العمل الهجين القائمة على الموقع: نتوقع حاليًا أن يكون جميع الموظفين في أحد مكاتبنا بنسبة 25٪ على الأقل من الوقت. ومع ذلك، قد تتطلب بعض الأدوار مزيدًا من الوقت في مكاتبنا. رعاية التأشيرة: نحن نرعى التأشيرات! ومع ذلك، لا يمكننا رعاية التأشيرات بنجاح لكل دور وكل مرشح. ولكن إذا قدمنا ​​لك عرضًا،سنبذل كل جهد معقول للحصول على تأشيرة لك،"
دفيئة,"مهندس التعلم الآلي، الضمانات",أنثروبي,الضمانات (الثقة والسلامة),,"سان فرانسيسكو، كاليفورنيا",,"340,00 دولارًا","llm، بايثون، بايثون تورش، sql، tensorflow",,9/17/2025,https://job-boards.greenhouse.io/anthropic/jobs/4461625008,"نبذة عن أنثروبيك: تتمثل مهمة أنثروبيك في إنشاء أنظمة ذكاء اصطناعي موثوقة، قابلة للتفسير والتوجيه. نريد أن يكون الذكاء الاصطناعي آمنًا ومفيدًا لمستخدمينا وللمجتمع ككل. يتكون فريقنا من مجموعة متنامية بسرعة من الباحثين والمهندسين وخبراء السياسات وقادة الأعمال الملتزمين، والذين يعملون معًا لبناء أنظمة ذكاء اصطناعي فعّالة. نبذة عن الوظيفة: نبحث عن مهندسي تعلم آلي للمساعدة في بناء آليات السلامة والرقابة لأنظمة الذكاء الاصطناعي لدينا. بصفتك مهندس تعلم آلي للحماية، ستعمل على تدريب نماذج تكشف السلوكيات الضارة وتساعد في ضمان سلامة المستخدم. ستُوظّف مهاراتك التقنية لدعم مبادئنا في السلامة والشفافية والرقابة مع تطبيق شروط الخدمة وسياسات الاستخدام المقبول. المسؤوليات: بناء نماذج التعلم الآلي للكشف عن السلوكيات غير المرغوب فيها أو الشاذة من المستخدمين وشركاء واجهة برمجة التطبيقات، ودمجها في نظام الإنتاج لدينا تحسين أنظمة الكشف والتنفيذ الآلية لدينا حسب الحاجة تحليل تقارير المستخدمين عن الحسابات غير المناسبة وبناء نماذج التعلم الآلي للكشف عن حالات مماثلة بشكل استباقي إظهار أنماط إساءة الاستخدام لفرق البحث لدينا لتقوية النماذج في مرحلة التدريب قد تكون مناسبًا إذا كنت: لديك خبرة لا تقل عن 4 سنوات في مجال هندسة البحث/التعلم الآلي أو منصب عالم أبحاث تطبيقي، ويفضل أن يكون ذلك مع التركيز على سلامة الذكاء الاصطناعي. إجادة Python وLLMs وSQL وأدوات تحليل البيانات/استخراج البيانات. إجادة بناء أنظمة آمنة للذكاء الاصطناعي/التعلم الآلي، مثل مصنفات السلوك أو اكتشاف الشذوذ. امتلاك مهارات تواصل قوية والقدرة على شرح المفاهيم التقنية المعقدة لأصحاب المصلحة غير التقنيين. الاهتمام بالتأثيرات المجتمعية والآثار طويلة المدى لعملك. قد يكون لدى المرشحين الأقوياء أيضًا خبرة في: أطر التعلم الآلي مثل Scikit-Learn أو TensorFlow أو PyTorch أنظمة التعلم الآلي عالية الأداء وواسعة النطاق نمذجة اللغة باستخدام المحولات التعلم التعزيزي استخراج وتحويل وتحميل البيانات على نطاق واسع النطاق النطاق المتوقع للراتب لهذا المنصب هو: الراتب السنوي: 340,000 دولار أمريكي - 425,000 دولار أمريكي متطلبات التعليم اللوجستي: نطلب درجة البكالوريوس على الأقل في مجال ذي صلة أو خبرة معادلة. سياسة العمل الهجين القائمة على الموقع: نتوقع حاليًا أن يكون جميع الموظفين في أحد مكاتبنا بنسبة 25٪ على الأقل من الوقت. ومع ذلك، قد تتطلب بعض الأدوار مزيدًا من الوقت في مكاتبنا. رعاية التأشيرة: نحن نرعى التأشيرات! ومع ذلك، لا يمكننا رعاية التأشيرات بنجاح لكل دور وكل مرشح. ولكن إذا قدمنا ​​لك عرضًا، فسنبذل كل جهد معقول للحصول على تأشيرة لك، ونحتفظ بمحامٍ متخصص في الهجرة للمساعدة في ذلك. نشجعك على التقديم حتى لو كنت لا تعتقد أنك تستوفي كل مؤهل على حدة. لن يستوفي جميع المرشحين الأقوياء كل مؤهل على حدة المؤهلات المذكورة. تُظهر الأبحاث أن الأشخاص الذين يُعرّفون أنفسهم بأنهم من فئات غير ممثلة تمثيلاً كافياً هم أكثر عرضة للإصابة بمتلازمة المحتال والتشكيك في قوة ترشيحهم.لذلك نحثك على عدم استبعاد نفسك قبل الأوان و"
دفيئة,"مهندس أنظمة التعلم الآلي، الترميزات والترميز",أنثروبي,أبحاث وهندسة الذكاء الاصطناعي,,"سان فرانسيسكو، كاليفورنيا",,"320,00 دولارًا","ماجستير في القانون، بايثون",,9/3/2025,https://job-boards.greenhouse.io/anthropic/jobs/4579552008,"حول Anthropic تتمثل مهمة Anthropic في إنشاء أنظمة ذكاء اصطناعي موثوقة وقابلة للتفسير وقابلة للتوجيه. نريد أن يكون الذكاء الاصطناعي آمنًا ومفيدًا لمستخدمينا وللمجتمع ككل. يتكون فريقنا من مجموعة سريعة النمو من الباحثين والمهندسين وخبراء السياسات وقادة الأعمال الملتزمين الذين يعملون معًا لبناء أنظمة ذكاء اصطناعي مفيدة. حول الدور نحن نبحث عن مهندس أنظمة تعلُّم آلي ذي خبرة للانضمام إلى فريق الترميز والترميز لدينا في Anthropic. سيكون هذا الدور متعدد الوظائف مفيدًا في تطوير وتحسين أنظمة الترميز والترميز المستخدمة في جميع سير عمل Finetuning لدينا. كجسر بين فرق التدريب المسبق والضبط الدقيق لدينا، ستقوم ببناء بنية تحتية مهمة تؤثر بشكل مباشر على كيفية تعلم نماذجنا من البيانات وتفسيرها. سيكون عملك أساسًا لتقدم أبحاث Anthropic، مما يتيح تدريبًا أكثر كفاءة وفعالية لأنظمة الذكاء الاصطناعي لدينا مع ضمان بقائها موثوقة وقابلة للتفسير وقابلة للتوجيه. المسؤوليات تصميم وتطوير وصيانة أنظمة الرمز المميزة المستخدمة في سير عمل ما قبل التدريب والضبط الدقيق تحسين تقنيات الترميز لتحسين كفاءة وأداء تدريب النموذج التعاون بشكل وثيق مع فرق البحث لفهم احتياجاتهم المتطورة حول تمثيل البيانات بناء البنية التحتية التي تمكن الباحثين من تجربة أساليب الرمز المميزة الجديدة تنفيذ أنظمة لمراقبة وتصحيح المشكلات المتعلقة بالرمز المميز في خط أنابيب تدريب النموذج إنشاء أطر اختبار قوية للتحقق من صحة أنظمة الرمز المميزة عبر لغات وأنواع بيانات متنوعة تحديد ومعالجة الاختناقات في خطوط أنابيب معالجة البيانات المتعلقة بالرمز المميز توثيق الأنظمة بدقة وإبلاغ القرارات الفنية بوضوح لأصحاب المصلحة عبر الفرق قد تكون مناسبًا إذا كان لديك خبرة كبيرة في هندسة البرمجيات مع خبرة مثبتة في التعلم الآلي تشعر بالراحة في التنقل عبر الغموض وتطوير الحلول في بيئات بحثية سريعة التطور يمكن العمل بشكل مستقل مع الحفاظ على تعاون قوي مع فرق متعددة الوظائف موجه نحو النتائج، مع تحيز نحو المرونة والتأثير لديك خبرة في أنظمة التعلم الآلي أو خطوط أنابيب البيانات أو البنية التحتية للتعلم الآلي تتقن لغة بايثون وعلى دراية بممارسات تطوير التعلم الآلي الحديثة لديك مهارات تحليلية قوية ويمكنها تقييم تأثير التغييرات الهندسية حول نتائج البحث. تحمل التراخي، حتى لو كان خارج نطاق وصف وظيفتك. استمتع بالبرمجة الثنائية (نحن نحب الاقتران!). اهتم بالتأثيرات المجتمعية لعملك وملتزم بتطوير الذكاء الاصطناعي بشكل مسؤول. قد يكون لدى المرشحين الأقوياء أيضًا خبرة في العمل مع خطوط أنابيب معالجة بيانات التعلم الآلي. بناء أو تحسين ترميزات البيانات لتطبيقات التعلم الآلي. تنفيذ أو العمل مع BPE وWordPiece وأو خوارزميات التجزئة الأخرى تحسين أداء أنظمة معالجة بيانات التعلم الآلي تحديات وحلول التجزئة متعددة اللغات بيئات البحث حيث"
دفيئة,"مهندس أنظمة التعلم الآلي، أدوات البحث",أنثروبي,أبحاث وهندسة الذكاء الاصطناعي,,"سان فرانسيسكو، كاليفورنيا | مدينة نيويورك، نيويورك",,300 دولار,"كوبيرنيتس، ماجستير في القانون، بايثون",,9/3/2025,https://job-boards.greenhouse.io/anthropic/jobs/4579550008,"نبذة عن أنثروبيك: مهمة أنثروبيك هي إنشاء أنظمة ذكاء اصطناعي موثوقة وقابلة للتفسير وقابلة للتوجيه. نريد أن يكون الذكاء الاصطناعي آمنًا ومفيدًا لمستخدمينا وللمجتمع ككل. يتكون فريقنا من مجموعة سريعة النمو من الباحثين والمهندسين وخبراء السياسات وقادة الأعمال الملتزمين الذين يعملون معًا لبناء أنظمة ذكاء اصطناعي مفيدة. نبذة عن الدور: أنت ترغب في بناء أنظمة متطورة لتدريب نماذج الذكاء الاصطناعي مثل كلود. أنت متحمس للعمل في طليعة التعلم الآلي، وتنفيذ وتحسين التقنيات المتقدمة لإنشاء ذكاء اصطناعي أكثر قدرة وموثوقية وقابلية للتوجيه. بصفتك مهندس أنظمة التعلم الآلي في فريق أدوات البحث لدينا، ستكون مسؤولاً عن الخوارزميات والبنية التحتية المهمة التي يعتمد عليها باحثونا لتدريب النماذج. سيمكن عملك بشكل مباشر من تحقيق اختراقات في قدرات الذكاء الاصطناعي والسلامة. ستركز بشكل مهووس على تحسين أداء هذه الأنظمة ومتانتها وسهولة استخدامها حتى يتمكن بحثنا من التقدم في أسرع وقت ممكن. أنت متحمس لتحدي دعم وتمكين فريق البحث لدينا في مهمة بناء أنظمة ذكاء اصطناعي مفيدة. يقوم باحثو الضبط الدقيق لدينا بتدريب نماذج إنتاج كلود، ونماذج البحث الداخلية، باستخدام RLHF وأساليب أخرى ذات صلة. ستكون مهمتك بناء وصيانة وتحسين الخوارزميات والأنظمة التي يستخدمها هؤلاء الباحثون لتدريب النماذج. ستكون مسؤولاً عن تحسين سرعة وموثوقية وسهولة استخدام هذه الأنظمة. قد تكون مناسبًا إذا كنت: لديك خبرة في هندسة البرمجيات لا تقل عن عامين مثل العمل على الأنظمة والأدوات التي تجعل الآخرين أكثر إنتاجية موجه نحو النتائج، مع تحيز نحو المرونة والتأثير تلتقط التراخي، حتى لو كان خارج وصف وظيفتك تستمتع بالبرمجة الثنائية (نحن نحب الاقتران!) تريد معرفة المزيد عن أبحاث التعلم الآلي تهتم بالتأثيرات المجتمعية لعملك قد يكون لدى المرشحين الأقوياء أيضًا خبرة في: أنظمة موزعة عالية الأداء وواسعة النطاق Kubernetes Python تنفيذ خوارزميات ضبط دقيق LLM، مثل RLHF المشاريع التمثيلية: رسم مخطط خط أنابيب التعلم المعزز لدينا للعثور على فرص للتحسين بناء نظام يطلق بانتظام وظائف التدريب في بيئة اختبار حتى نتمكن من اكتشاف المشكلات في خط أنابيب التدريب بسرعة إجراء تغييرات على أنظمة الضبط الدقيق لدينا حتى تعمل على هياكل نموذجية جديدة بناء أدوات للكشف عن تنازع Python GIL والقضاء عليه في كود التدريب الخاص بنا تشخيص سبب تباطؤ عمليات التدريب بعد عدد معين من الخطوات وإصلاحها تنفيذ إصدار مستقر وسريع من خوارزمية تدريب جديدة اقترحها باحث الموعد النهائي للتقديم: لا يوجد. سيتم مراجعة الطلبات بشكل دوري. الراتب المتوقع لهذه الوظيفة هو: الراتب السنوي: من 300,000 إلى 405,000 دولار أمريكي. متطلبات التعليم اللوجستي: نشترط الحصول على درجة البكالوريوس على الأقل في مجال ذي صلة أو خبرة معادلة. سياسة التوظيف الهجينة القائمة على الموقع:حاليًا، نتوقع من جميع الموظفين"
دفيئة,"مهندس أنظمة التعلم الآلي، هندسة التعلم الآلي",أنثروبي,أبحاث وهندسة الذكاء الاصطناعي,,"سان فرانسيسكو، كاليفورنيا",,300 دولار,"ماجستير في القانون، بايثون",,9/3/2025,https://job-boards.greenhouse.io/anthropic/jobs/4577144008,"نبذة عن أنثروبيك: مهمة أنثروبيك هي إنشاء أنظمة ذكاء اصطناعي موثوقة وقابلة للتفسير والتوجيه. نريد أن يكون الذكاء الاصطناعي آمنًا ومفيدًا لمستخدمينا وللمجتمع ككل. يتكون فريقنا من مجموعة سريعة النمو من الباحثين والمهندسين وخبراء السياسات وقادة الأعمال الملتزمين الذين يعملون معًا لبناء أنظمة ذكاء اصطناعي مفيدة. نبذة عن الدور: أنت ترغب في بناء أنظمة متطورة لتدريب نماذج الذكاء الاصطناعي مثل كلود. أنت متحمس للعمل في طليعة التعلم الآلي، وتنفيذ وتحسين التقنيات المتقدمة لإنشاء ذكاء اصطناعي أكثر قدرة وموثوقية وقابلية للتوجيه. بصفتك مهندس أنظمة التعلم الآلي في فريق هندسة التعلم المعزز لدينا، ستكون مسؤولاً عن الخوارزميات والبنية التحتية المهمة التي يعتمد عليها باحثونا لتدريب النماذج. سيمكن عملك بشكل مباشر من تحقيق اختراقات في قدرات الذكاء الاصطناعي والسلامة. ستركز بشكل مهووس على تحسين أداء هذه الأنظمة ومتانتها وسهولة استخدامها حتى يتمكن بحثنا من التقدم في أسرع وقت ممكن. أنت متحمس لتحدي دعم وتمكين فريق البحث لدينا في مهمة بناء أنظمة ذكاء اصطناعي مفيدة. يقوم باحثو الضبط الدقيق لدينا بتدريب نماذج إنتاج كلود، ونماذج البحث الداخلية، باستخدام RLHF وأساليب أخرى ذات صلة. ستكون مهمتك بناء وصيانة وتحسين الخوارزميات والأنظمة التي يستخدمها هؤلاء الباحثون لتدريب النماذج. ستكون مسؤولاً عن تحسين سرعة وموثوقية وسهولة استخدام هذه الأنظمة. قد تكون مناسبًا إذا كنت: لديك خبرة في هندسة البرمجيات لا تقل عن 4 سنوات مثل العمل على الأنظمة والأدوات التي تجعل الآخرين أكثر إنتاجية موجه نحو النتائج، مع تحيز نحو المرونة والتأثير تلتقط التراخي، حتى لو كان خارج وصف وظيفتك تستمتع بالبرمجة الثنائية (نحن نحب الاقتران!) تريد معرفة المزيد عن أبحاث التعلم الآلي تهتم بالتأثيرات المجتمعية لعملك قد يكون لدى المرشحين الأقوياء أيضًا خبرة في: أنظمة موزعة عالية الأداء وواسعة النطاق تدريب LLM واسع النطاق Python تنفيذ خوارزميات ضبط LLM الدقيقة، مثل RLHF المشاريع التمثيلية: رسم مخطط خط أنابيب التعلم المعزز لدينا للعثور على فرص للتحسين بناء نظام يطلق بانتظام وظائف التدريب في بيئة اختبار حتى نتمكن من اكتشاف المشكلات في خط أنابيب التدريب بسرعة إجراء تغييرات على أنظمة الضبط الدقيق لدينا حتى تعمل على هياكل نموذجية جديدة بناء أجهزة للكشف عن تنازع Python GIL في كود التدريب الخاص بنا والقضاء عليه تشخيص سبب تباطؤ عمليات التدريب بعد عدد معين من الخطوات وإصلاحها تنفيذ إصدار مستقر وسريع من خوارزمية تدريب جديدة اقترحها باحث الموعد النهائي للتقديم: لا يوجد. سيتم مراجعة الطلبات بشكل دوري. الراتب المتوقع لهذا المنصب هو: الراتب السنوي: 300,000 دولار أمريكي - 405,000 دولار أمريكي. متطلبات التعليم اللوجستي: نشترط الحصول على درجة البكالوريوس على الأقل في مجال ذي صلة أو خبرة معادلة.سياسة هجينة تعتمد على الموقع"
دفيئة,"مهندس أنظمة التعلم الآلي، أبحاث الضمانات",أنثروبي,أبحاث وهندسة الذكاء الاصطناعي,,"سان فرانسيسكو، كاليفورنيا",,"315,00 دولارًا","جاكس، إل إل إم، بايثون، باي تورش، تينسورفلو",,9/3/2025,https://job-boards.greenhouse.io/anthropic/jobs/4613882008,"نبذة عن أنثروبيك: تتمثل مهمة أنثروبيك في إنشاء أنظمة ذكاء اصطناعي موثوقة، وقابلة للتفسير، وقابلة للتوجيه. نريد أن يكون الذكاء الاصطناعي آمنًا ومفيدًا لمستخدمينا وللمجتمع ككل. فريقنا هو مجموعة متنامية بسرعة من الباحثين والمهندسين وخبراء السياسات وقادة الأعمال الملتزمين، الذين يعملون معًا لبناء أنظمة ذكاء اصطناعي فعّالة. نبذة عن الدور: يُجري فريق أبحاث الضمانات (جزء من فريق علوم المحاذاة الأكبر) أبحاثًا وهندسة سلامة بالغة الأهمية لضمان نشر أنظمة الذكاء الاصطناعي بأمان. عملنا أساسي لقدرة أنثروبيك على إصدار نماذج متقدمة - فبدون أنظمة السلامة التي نبنيها، لما أمكن نشر نماذج مثل كلود أوبس 4. لسنا مجرد فريق تعلم آلي آخر؛ بل نعمل في طليعة سلامة الذكاء الاصطناعي، مما يُمكّن أنثروبيك مباشرةً من الوفاء بالتزاماتها بموجب سياسة التوسع المسؤول. بصفتك مهندس تعلم آلي في فريقنا، ستُسهم في سد الفجوة بين البحث والهندسة، وتطوير خطوط أنابيب شاملة وأنظمة تعلم آلي قوية تدعم مبادرات السلامة لدينا بشكل مباشر. ستعمل على بناء بنية تحتية قابلة للتطوير لتقييم أنظمة السلامة، وتنفيذ خطوط أنابيب تدريب فعّالة للضمانات، وإنشاء أنظمة آلية لمساعدتنا على فهم المخاطر في أنظمة الذكاء الاصطناعي المتقدمة والتخفيف منها. سيكون لعملك التطبيقي في هندسة التعلم الآلي تأثير فوري وقابل للقياس - يُحدد ما إذا كان بإمكان أنثروبيك إصدار الجيل التالي من نماذجها مع الحفاظ على ضمانات السلامة لدينا. ستُضيف إلى الفريق كلاً من أساسيات التعلم الآلي والممارسات الهندسية القوية. أنت متمكن من تدريب نماذج اللغة وضبطها بدقة، ولديك حدسٌ بتحسين المعاملات الفائقة، ويمكنك تنفيذ خطوط أنابيب معالجة بيانات فعّالة. تتبع نهجًا عمليًا في هندسة التعلم الآلي، مفضلًا الحلول البسيطة والفعّالة على الحلول المعقدة. ستتعاون بشكل وثيق مع الباحثين لترجمة المفاهيم التجريبية إلى أنظمة تعلم آلي عالية الجودة، تُعالج تحديات السلامة المباشرة وتدعم مبادرات البحث طويلة الأمد. مشاريع تمثيلية: تصميم وتنفيذ خطوط أنابيب التعلم الآلي للتدريب وتقييم مصنفات السلامة ونماذج الكشف. بناء البنية التحتية لتحسين المعلمات الفائقة واختيار النموذج عبر تجارب السلامة. إنشاء واجهات ولوحات معلومات مرنة للباحثين للتفاعل مع النماذج والإعدادات التجريبية. إنشاء خطوط أنابيب معالجة بيانات فعالة يمكنها التعامل مع مخرجات النماذج واسعة النطاق ومجموعات بيانات التدريب. تطوير أدوات لأتمتة إنشاء وتحليل وتصنيف محاولات كسر الحماية. قد تكون مناسبًا إذا كنت: تفهم مفاهيم التعلم الآلي الأساسية مثل الإفراط في التجهيز والتنظيم. لديك خبرة عملية في تحسين نماذج التعلم الآلي وتقييمها. تتقن أطر عمل التعلم الآلي (مثل PyTorch و TensorFlow و JAX) ويمكنك تنفيذ حلقات تدريب مخصصة. لديك مهارات قوية في هندسة البرمجيات، وخاصة مع Python Excel في بناء خطوط أنابيب بيانات قابلة للتطوير ولوحات معلومات قابلة للتفسير.والبنية التحتية للتعلم الآلي لديها خبرة"
دفيئة,"مدير هندسة الحلول، الذكاء الاصطناعي التطبيقي",أنثروبي,مبيعات,,"سان فرانسيسكو، كاليفورنيا | مدينة نيويورك، نيويورك",,"270,00 دولارًا",ماجستير في القانون,,9/3/2025,https://job-boards.greenhouse.io/anthropic/jobs/4819732008,"نبذة عن أنثروبيك: تتمثل مهمة أنثروبيك في إنشاء أنظمة ذكاء اصطناعي موثوقة وقابلة للتفسير والتوجيه. نريد أن يكون الذكاء الاصطناعي آمنًا ومفيدًا لمستخدمينا وللمجتمع ككل. يتكون فريقنا من مجموعة متنامية بسرعة من الباحثين والمهندسين وخبراء السياسات وقادة الأعمال الملتزمين الذين يعملون معًا لبناء أنظمة ذكاء اصطناعي فعّالة. نبذة عن الوظيفة: بصفتك مديرًا لفريق Digital Native وApplied AI وSystem Architect في أنثروبيك، ستقود تبني الذكاء الاصطناعي الرائد من خلال تمكين نشر منتجات أنثروبيك (Claude for Enterprise وClaude Code وAPI) في شركات Enterprise Tech والمؤسسات التي تُولي اهتمامًا كبيرًا للتقنيات الرقمية. ستستفيد من مهاراتك التقنية وخبرتك الاستشارية في المبيعات لدفع عجلة التحول الإيجابي في مجال الذكاء الاصطناعي الذي يُلبي احتياجات أعمال عملائنا، ويُلبي متطلباتهم التقنية، ويوفر درجة عالية من الموثوقية والأمان. ستكون مسؤولاً عن قيادة وتنمية فريق Digital Native وApplied AI وSystem Architect، ووضع العمليات وأفضل الممارسات لتفاعلات ما قبل البيع في قطاعك بناءً على سنوات خبرتك، ومساعدة كل عضو في الفريق على تحقيق النجاح والإنتاجية العالية والنمو الوظيفي، وتمثيل Anthropic كقائد فني في بعض أهم شراكاتها. بالتعاون مع فرق المبيعات والمنتجات والهندسة، ستساعد شركاء تكنولوجيا المؤسسات على دمج أنظمة الذكاء الاصطناعي المتطورة في منتجاتهم ومنصاتهم المتطورة. ستوظف مهاراتك التواصلية الممتازة لشرح وعرض الحلول المعقدة بشكل مقنع للجمهور التقني وغير التقني على حد سواء. ستلعب دورًا حاسمًا في تحديد فرص الابتكار والتميز في أنظمة الذكاء الاصطناعي لدينا، مع الحفاظ على أفضل معايير السلامة في فئتها. المسؤوليات: إدارة وتوجيه فريق من مهندسي حلول الذكاء الاصطناعي التطبيقي، وتوفير كل من التوجيه الفني والتطوير الوظيفي تحديد الأهداف والمراجعات لفريقك، وتعزيز النمو والإنتاج العمل مع عدد قليل من عملاء المؤسسات الرقمية الأصلية الأعلى قيمة على استراتيجياتهم الشاملة لتبني الذكاء الاصطناعي، مع التركيز على التميز الفني قبل البيع بما في ذلك نطاق حالة الاستخدام، وبناء الأبطال الفنيين، وتنفيذ إثبات المفهوم الشراكة بشكل وثيق مع قيادة GTM المتوافقة لفهم متطلبات العملاء والمشاركة في بناء استراتيجيات GTM لدفع التبني لعملاء المؤسسات الرقمية الأصلية امتلاك الأجزاء الفنية من مشاركات ما قبل البيع، والتأكد من أن فريقك يقدم عروض توضيحية مقنعة ويثبت صحة عائد استثمار عملاء المؤسسة من منتجات Anthropic دفع التعاون من الفرق متعددة الوظائف للتأثير على أصحاب المصلحة وتوحيدهم على جميع مستويات المنظمة لتحقيق نتائج الأعمال السفر من حين لآخر إلى مواقع العملاء لحضور جلسات على المستوى التنفيذي وورش عمل فنية وبناء علاقات إنشاء رؤية مشتركة لإنشاء حلول تمكن الذكاء الاصطناعي المفيد والآمن في المنتجات التكنولوجية قيادة الرؤية والاستراتيجيةوتنفيذ الحلول المبتكرة التي تستفيد من أحدث تقنياتنا"
دفيئة,"مهندس البنية التحتية للتعلم الآلي، الضمانات",أنثروبي,الضمانات (الثقة والسلامة),,"سان فرانسيسكو، كاليفورنيا",,"320,00 دولارًا","AWS، GCP، JAX، Kubernetes، LLM، Python، Pytorch، Spark، Tensorflow",,9/3/2025,https://job-boards.greenhouse.io/anthropic/jobs/4778843008,"حول Anthropic تتمثل مهمة Anthropic في إنشاء أنظمة ذكاء اصطناعي موثوقة وقابلة للتفسير وقابلة للتوجيه. نريد أن يكون الذكاء الاصطناعي آمنًا ومفيدًا لمستخدمينا وللمجتمع ككل. يتكون فريقنا من مجموعة سريعة النمو من الباحثين والمهندسين وخبراء السياسات وقادة الأعمال الملتزمين الذين يعملون معًا لبناء أنظمة ذكاء اصطناعي مفيدة. حول الدور نحن نبحث عن مهندس بنية تحتية للتعلم الآلي للانضمام إلى منظمة Safeguards الخاصة بنا، حيث ستقوم ببناء وتوسيع البنية التحتية الحيوية التي تدعم أنظمة سلامة الذكاء الاصطناعي لدينا. ستعمل في تقاطع التعلم الآلي والأنظمة الموزعة واسعة النطاق وسلامة الذكاء الاصطناعي، وتطوير المنصات والأدوات التي تمكن ضماناتنا من العمل بشكل موثوق على نطاق واسع. كجزء من فريق Safeguards، ستقوم بتصميم وتنفيذ البنية التحتية للتعلم الآلي التي تدعم سلامة Claude. سيساهم عملك بشكل مباشر في جعل أنظمة الذكاء الاصطناعي أكثر جدارة بالثقة ومتوافقة مع القيم الإنسانية، مما يضمن عمل نماذجنا بأمان مع ازدياد قدرتها. المسؤوليات: تصميم وبناء البنية التحتية للتعلم الآلي القابلة للتطوير لدعم التصنيف في الوقت الفعلي والدفعات وتقييمات السلامة عبر نظامنا البيئي النموذجي. بناء أدوات المراقبة والملاحظة لتتبع أداء النموذج وجودة البيانات وصحة النظام للتطبيقات الحرجة للسلامة. التعاون مع فرق البحث لإنتاج أبحاث السلامة، وترجمة تقنيات السلامة التجريبية إلى أنظمة قوية وقابلة للتطوير. تحسين زمن الوصول إلى الاستدلال والإنتاجية لتقييمات السلامة في الوقت الفعلي مع الحفاظ على معايير الموثوقية العالية. تنفيذ أنظمة الاختبار والنشر والتراجع الآلية لنماذج التعلم الآلي في تطبيقات سلامة الإنتاج. الشراكة مع فرق الضمانات والأمان والمحاذاة لفهم المتطلبات وتقديم البنية التحتية التي تلبي احتياجات السلامة والإنتاج. المساهمة في تطوير الأدوات والأطر الداخلية التي تعمل على تسريع أبحاث السلامة ونشرها. قد تكون مناسبًا إذا كنت: لديك أكثر من 5 سنوات من الخبرة في بناء البنية التحتية للتعلم الآلي للإنتاج، ويفضل أن تكون في المجالات الحرجة للسلامة مثل اكتشاف الاحتيال أو تعديل المحتوى أو تقييم المخاطر. تتقن Python ولديك خبرة في أطر عمل التعلم الآلي مثل PyTorch أو TensorFlow أو JAX. لديك خبرة عملية الخبرة في منصات السحابة (AWS وGCP) وتنسيق الحاويات (Kubernetes). فهم مبادئ الأنظمة الموزعة وبناء أنظمة تتعامل مع أحمال العمل عالية الإنتاجية ومنخفضة الكمون. لديك خبرة في أدوات هندسة البيانات وبناء خطوط أنابيب بيانات قوية (على سبيل المثال، Spark وAirflow وأنظمة البث). موجه نحو النتائج، مع تحيز نحو الموثوقية والتأثير في الأنظمة الحرجة للسلامة. استمتع بالتعاون مع الباحثين وترجمة الأبحاث المتطورة إلى أنظمة الإنتاج. اهتم بشدة بسلامة الذكاء الاصطناعي والتأثيرات المجتمعية لعملك. قد يكون لدى المرشحين الأقوياء خبرة في:العمل مع نماذج اللغة الكبيرة وهندسة المحولات الحديثة وتنفيذ أطر اختبار A/B والبنية الأساسية للتجريب لأنظمة التعلم الآلي"
دفيئة,"مهندس منتج، الذكاء الاصطناعي التطبيقي",أنثروبي,مبيعات,,"طوكيو، اليابان",,25,"ماجستير في القانون، بايثون",,9/9/2025,https://job-boards.greenhouse.io/anthropic/jobs/4830207008,"حول أنثروبيك تتمثل مهمة أنثروبيك في إنشاء أنظمة ذكاء اصطناعي موثوقة وقابلة للتفسير والتوجيه. نريد أن يكون الذكاء الاصطناعي آمنًا ومفيدًا لمستخدمينا وللمجتمع ككل. يتكون فريقنا من مجموعة سريعة النمو من الباحثين والمهندسين وخبراء السياسات وقادة الأعمال الملتزمين الذين يعملون معًا لبناء أنظمة ذكاء اصطناعي مفيدة. حول الدور بصفتك عضوًا في فريق الذكاء الاصطناعي التطبيقي في أنثروبيك، ستقود اعتماد الذكاء الاصطناعي الرائد من خلال تطوير حلول ماجستير في القانون مخصصة لأفضل المؤسسات في جميع أنحاء اليابان. ستستفيد من خبرتك في التعامل مع العملاء ومهاراتك التقنية لتصميم حلول مبتكرة تلبي احتياجات أعمال عملائنا وتلبي متطلباتهم التقنية وتوفر درجة عالية من الموثوقية والسلامة. بالتعاون مع فرق المبيعات والمنتجات والهندسة، ستساعد شركاء المؤسسة على دمج أنظمة الذكاء الاصطناعي المتطورة في منتجاتهم. ستستخدم مهارات الاتصال الممتازة لديك لشرح الحلول المعقدة وإظهارها بشكل مقنع للجمهور التقني وغير التقني على حد سواء. ستلعب دورًا حاسمًا في تحديد الفرص للابتكار وتمييز أنظمة الذكاء الاصطناعي لدينا، مع الحفاظ على أفضل معايير السلامة في فئتها. المسؤوليات: العمل كمستشار فني أساسي للعملاء المحتملين في جميع أنحاء اليابان لتقييم كلود. إظهار كيف يمكن استخدام كلود لحل مشاكل الأعمال عالية القيمة من خلال تطوير هياكل النظام والاستفادة من تقنيات التحفيز الجديدة الشراكة بشكل وثيق مع المديرين التنفيذيين للحسابات لفهم متطلبات العملاء. تكوين قدرات كلود لإظهار كيفية تلبية احتياجات العميل. تطوير نماذج تجريبية ونماذج أولية مخصصة، بالإضافة إلى مجموعات التقييم لإثبات تبني العميل قيادة عملية صنع القرار الفني من خلال تقديم المشورة بشأن الإعداد الأمثل والهندسة المعمارية ودمج كلود في البنية التحتية الحالية للعميل التوصية بحلول للعقبات الفنية دعم دمج العملاء في جميع أنحاء اليابان من خلال العمل بشكل متعدد الوظائف لضمان النجاح في التدرج والتبني. العمل كمستشار فني مستمر طوال فترة التنفيذ وما بعد التشغيل المباشر. السفر من حين لآخر إلى مواقع العملاء لحضور ورش العمل ودعم التنفيذ وبناء العلاقات. إنشاء رؤية مشتركة لإنشاء حلول تمكن الذكاء الاصطناعي المفيد والآمن. قيادة الرؤية والاستراتيجية وتنفيذ الحلول المبتكرة التي تستفيد من قدرات أحدث نماذجنا في جميع أنحاء اليابان. قد تكون مناسبًا إذا كان لديك: أكثر من 4 سنوات من الخبرة كمدير منتج فني، مهندس نشر أمامي،أو مهندس منصة يتطلب إتقان اللغة اليابانية على المستوى الأصلي واللغة الإنجليزية على مستوى الأعمال. تصميم حلول جديدة ومبتكرة للمنصات التقنية في منطقة أعمال نامية في جميع أنحاء اليابان. القدرة التقنية القوية على الشراكة مع المهندسين والكفاءة القوية في بايثون مطلوبة. خبرة حديثة في بناء أنظمة الإنتاج بنماذج لغوية كبيرة. القدرة على التنقل والتنفيذ وسط الغموض، والمرونة في مختلف"
دفيئة,"مهندس منتج، الذكاء الاصطناعي التطبيقي",أنثروبي,مبيعات,,"سان فرانسيسكو، كاليفورنيا | مدينة نيويورك، نيويورك | سياتل، واشنطن",,200 دولار,"ماجستير في القانون، بايثون",,9/17/2025,https://job-boards.greenhouse.io/anthropic/jobs/4461430008,"حول أنثروبيك: تتمثل مهمة أنثروبيك في إنشاء أنظمة ذكاء اصطناعي موثوقة وقابلة للتفسير والتوجيه. نريد أن يكون الذكاء الاصطناعي آمنًا ومفيدًا لمستخدمينا وللمجتمع ككل. يتكون فريقنا من مجموعة سريعة النمو من الباحثين والمهندسين وخبراء السياسات وقادة الأعمال الملتزمين الذين يعملون معًا لبناء أنظمة ذكاء اصطناعي مفيدة. بصفتك عضوًا في فريق الذكاء الاصطناعي التطبيقي في أنثروبيك، ستكون مهندس منتجات تقنيًا يركز على أن تصبح مستشارًا تقنيًا موثوقًا به للعملاء أثناء اعتمادهم لـ Claude. ستعمل بشكل وثيق مع فرق المنتجات والهندسة لدى العملاء أثناء قيامهم بشحن منتجات جديدة مدعومة بـ Claude: تقديم المشورة بشأن قرارات تصميم البنية، وتطوير أطر التقييم، وتوجيه العملاء من خلال أحدث أنماط التنفيذ لـ LLMs. من خلال العمل بشكل وثيق مع فرق المبيعات والمنتجات والهندسة لدينا، ستوجه العملاء من الاكتشاف التقني إلى النشر الناجح. ستجمع بين الخبرة الهندسية العميقة ومهارات التعامل المباشر مع العملاء لمساعدة العملاء على فهم إمكانات العمل مع LLMs وبناء حلول مبتكرة تعالج تحديات الأعمال المعقدة مع الحفاظ على معاييرنا العالية للسلامة والموثوقية. المسؤوليات: العمل كمستشار فني لعملاء Anthropic أثناء نشرهم للمنتجات وسير العمل الجديدة باستخدام نماذجنا: من الاكتشاف وحتى النشر، والتنسيق داخليًا عبر فرق متعددة لتحقيق نجاح العملاء. الشراكة مع المديرين التنفيذيين للحسابات لفهم متطلبات منتجات العملاء بشكل عميق وتصميم الحلول التقنية، وضمان التوافق بين الأهداف التجارية والتنفيذ الفني. توجيه قرارات الهندسة المعمارية الفنية ومساعدة العملاء على بناء منتجات وسير عمل حديثة باستخدام LLMs عبر واجهة برمجة التطبيقات. تطوير نماذج أولية ونماذج أولية وأجنحة تقييم مخصصة توضح حالة نشر العملاء لنماذجنا في منتجات العملاء وسير العمل عبر واجهة برمجة التطبيقات الخاصة بنا. قيادة ورش عمل تقنية عملية ومراجعات الكود مع فرق هندسة العملاء. تحديد أنماط التصميم الشائعة والمساهمة بالرؤى مرة أخرى في فرق المنتجات والهندسة لدينا. الحفاظ على معرفة قوية بأحدث التطورات في قدرات LLM وأنماط التنفيذ ومكدسات تطوير منتجات الذكاء الاصطناعي. السفر من حين لآخر إلى مواقع العملاء لحضور ورش العمل ودعم التنفيذ وبناء العلاقات. حضور المؤتمرات وقيادة المشاركات المتحدثة وكتابة منشورات المدونة والأوراق البيضاء حول الموضوعات المحيطة بمساحة الذكاء الاصطناعي. قد تكون مناسبًا إذا كان لديك: خبرة لا تقل عن 4 سنوات في الأدوار التقنية مثل مهندس العملاء، مهندس نشر متقدم أو مهندس برمجيات أو مدير منتج فني لديه الرغبة في العمل بشكل وثيق مع العملاء. خبرة في الإنتاج مع برامج الماجستير في القانون بما في ذلك الهندسة السريعة المتقدمة وتطوير الوكيل وأطر التقييم والنشر على نطاق واسع. مهارات برمجة قوية مع الكفاءة في بايثون والخبرة في بناء تطبيقات الإنتاج. الخبرة في العمل مع أنماط تنفيذ برامج الماجستير في القانون الشائعة.الهندسة السريعة والتقييم"
دفيئة,"موظف توظيف، أبحاث الذكاء الاصطناعي",أنثروبي,الناس,,"سان فرانسيسكو، كاليفورنيا",,"170,00 دولارًا",ماجستير في القانون,,9/3/2025,https://job-boards.greenhouse.io/anthropic/jobs/4604015008,"نبذة عن أنثروبيك: تتمثل مهمة أنثروبيك في إنشاء أنظمة ذكاء اصطناعي موثوقة وقابلة للتفسير والتوجيه. نريد أن يكون الذكاء الاصطناعي آمنًا ومفيدًا لمستخدمينا وللمجتمع ككل. يتكون فريقنا من مجموعة متنامية بسرعة من الباحثين والمهندسين وخبراء السياسات وقادة الأعمال الملتزمين الذين يعملون معًا لبناء أنظمة ذكاء اصطناعي مفيدة. نبذة عن الدور: تبحث أنثروبيك عن مسؤول توظيف موهوب في مجال أبحاث الذكاء الاصطناعي ليتعاون مع فرق البحث لدينا. في هذا الدور المحوري، ستلعب دورًا فعالًا في تشكيل مستقبل مؤسستنا من خلال تحديد وإشراك وتوظيف أفضل وألمع العقول في مجموعة من التخصصات. بينما نواصل دفع حدود البحث والتطوير في مجال الذكاء الاصطناعي، نحتاج إلى مسؤول توظيف متحمس يمكنه مساعدتنا في بناء فريق عالمي المستوى مكرس لإنشاء أنظمة ذكاء اصطناعي آمنة ومفيدة. المسؤوليات: تطوير وتنفيذ خطط التوظيف الاستراتيجية لتحديد المرشحين المؤهلين تأهيلا عاليا ومصادرهم وتوظيفهم، مع التركيز على مواهب البحث في مجال التعلم الآلي والذكاء الاصطناعي. الشراكة مع مديري التوظيف والمقابلات في مجال البحث لفهم احتياجات التوظيف ومطابقة الفريق والمهارات والمؤهلات المطلوبة. تعزيز وتنفيذ عمليات وبرامج التوظيف مع الحفاظ على مستوى شامل وعالي من المواهب، مثل تطوير حملات التوعية المستهدفة، وبناء علاقات مع قادة الصناعة، وإزالة أي تحيزات غير عادلة من عملية التوظيف. التعاون مع القيادة والشركاء متعددي الوظائف لفهم احتياجات المنظمة ورسم استراتيجيات طويلة الأجل لاكتساب المواهب التي توازن الأولويات عبر جميع الفرق الفنية. تعزيز علامة Anthropic التجارية كصاحب عمل داخل مجتمع البحث والعلوم لعرض مهمتنا وثقافتنا وقيمنا للمرشحين. البقاء على اطلاع دائم بأفضل ممارسات التوظيف وتقنيات المصادر الناشئة وابتكارات المقابلات واتجاهات مكان العمل. قد تكون مناسبًا إذا كنت: لديك أكثر من 5 سنوات من الخبرة في التوظيف الكامل لدورة الحياة ودعم فرق البحث الفني لديك شغف بإمكانية الذكاء الاصطناعي للتأثير بشكل إيجابي على العالم والتقييم الواقعي لمخاطره وقيوده تجريبي ومنفتح على أفكار التوظيف الجديدة والإبداعية، أو لديك خبرة في العمل - مع مديري التوظيف المنفتحين على استراتيجيات المواهب غير التقليدية. - النجاح في بيئات سريعة الخطى وديناميكية والاستمتاع بالموازنة بين الأولويات المتعددة. - امتلاك كفاءة تقنية قوية مع القدرة على فهم وتقييم المؤهلات التقنية. - الحماس لفهم احتياجات الباحثين بشكل عميق والابتكار في عمليات التوظيف لجعلها أكثر ملاءمة لعالم البحث. - امتلاك مهارات تنظيمية ممتازة والاهتمام بالتفاصيل، بالإضافة إلى عقلية استباقية والقدرة على العمل باستقلالية. - امتلاك خبرة في الشراكة مع الباحثين وتوظيف المواهب التي تعمل في GenAI وLLMs. - امتلاك سجل حافل في توسيع وبناء فرق متنوعة وعالية الأداء في بيئة ناشئة سريعة الخطى وعالية النمو. قد يكون المرشحون الأقوياء أيضًا:جلب اهتماما عميقا"
دفيئة,"مهندس أبحاث / عالم أبحاث، متعدد الوسائط",أنثروبي,أبحاث وهندسة الذكاء الاصطناعي,,"لندن، المملكة المتحدة",,250 جنيهًا إسترلينيًا,"كوبيرنيتس، باي تورش",,9/3/2025,https://job-boards.greenhouse.io/anthropic/jobs/4629430008,"حول أنثروبيك تتمثل مهمة أنثروبيك في إنشاء أنظمة ذكاء اصطناعي موثوقة وقابلة للتفسير والتوجيه. نريد أن يكون الذكاء الاصطناعي آمنًا ومفيدًا لمستخدمينا وللمجتمع ككل. يتكون فريقنا من مجموعة سريعة النمو من الباحثين والمهندسين وخبراء السياسات وقادة الأعمال الملتزمين الذين يعملون معًا لبناء أنظمة ذكاء اصطناعي مفيدة. في أنثروبيك، نؤمن بأن أكثر أبحاث السلامة تأثيرًا ستتطلب الوصول إلى أنظمة الذكاء الاصطناعي الرائدة. ستعمل أقوى أنظمة الذكاء الاصطناعي ليس فقط على النصوص ولكن أيضًا على أنماط أخرى من البيانات، بما في ذلك الصور والفيديو والصوت. تتمتع هذه النماذج بالقدرة على تعزيز الإبداع البشري والإنتاجية بطرق مثيرة. ومع ذلك، فإننا قلقون للغاية بشأن المخاطر التي تسببها أنظمة الذكاء الاصطناعي القوية متعددة الوسائط. يقوم فريق الوسائط المتعددة في أنثروبيك ببناء ودراسة نماذج متعددة الوسائط لفهم هذه المخاطر والتخفيف منها بشكل أفضل. يعمل فريقنا عبر العديد من أجزاء مجموعة كبيرة تشمل التدريب والاستدلال وتصميم النظام وجمع البيانات. بعض مجالات تركيزنا الأساسية هي: البحث الأساسي نطور هياكل جديدة لنمذجة البيانات متعددة الوسائط وندرس كيفية تفاعلها مع النماذج النصية فقط على نطاق واسع. بناء البنية التحتية نعمل على العديد من مشاريع البنية التحتية بما في ذلك: بيئات التعلم التعزيزي متعددة الوسائط المعقدة. خوادم RPC عالية الأداء لمعالجة مدخلات الصور. بنية تحتية لصندوق الحماية لجمع البيانات بشكل آمن. استيعاب البيانات نحن مهتمون بإجراء تجارب بسيطة على نطاق واسع أكثر من التجارب المعقدة الأصغر. وهذا يتطلب الوصول إلى مصادر كبيرة جدًا من البيانات متعددة الوسائط. نطور أدوات لجمع ومعالجة وتنظيف البيانات متعددة الوسائط على نطاق واسع. ونظرًا لتركيزنا على العديد من المجالات، يتطلع الفريق إلى العمل مع كل من المهندسين ذوي الخبرة والباحثين الأقوياء، ونشجع أي شخص على طول منحنى الباحث / المهندس على التقديم. قد تكون مناسبًا إذا كنت: لديك خبرة كبيرة في هندسة البرمجيات موجه نحو النتائج، مع تحيز نحو المرونة والتأثير تلتقط التراخي، حتى لو كان خارج وصف وظيفتك تستمتع بالبرمجة الثنائية (نحن نحب الاقتران!) تريد معرفة المزيد عن أبحاث التعلم الآلي تهتم بالتأثيرات المجتمعية لعملك قد يكون لدى المرشحين الأقوياء أيضًا خبرة في: أنظمة التعلم الآلي عالية الأداء وواسعة النطاق وحدات معالجة الرسومات أو Kubernetes أو Pytorch أو الأجزاء الداخلية لنظام التشغيل نمذجة اللغة باستخدام المحولات التعلم التعزيزي استخراج وتحويل وتحميل البيانات على نطاق واسع النطاق النطاق المتوقع للراتب لهذا المنصب هو: الراتب السنوي: 250,000 جنيه إسترليني - 270,000 جنيه إسترليني متطلبات التعليم اللوجستي: نطلب درجة البكالوريوس على الأقل في مجال ذي صلة أو خبرة معادلة. سياسة العمل الهجين القائمة على الموقع: نتوقع حاليًا أن يكون جميع الموظفين في أحد مكاتبنا لمدة 25٪ على الأقل من الوقت. ومع ذلك، قد تتطلب بعض الأدوار مزيدًا من الوقت في مكاتبنا. رعاية التأشيرة: نحن نرعى التأشيرات! ومع ذلك، لا يمكننا نضمن بنجاح تأشيرات لكل وظيفة ولكل مرشح. ولكن إذا قدمنا ​​لك عرضًا، فسنبذل قصارى جهدنا للحصول على تأشيرة.ونحن نحتفظ بالمهاجرين"
دفيئة,"مهندس أبحاث / عالم أبحاث، تدريب مسبق",أنثروبي,أبحاث وهندسة الذكاء الاصطناعي,,"زيورخ، سويسرا",,25,"كوبيرنيتس، ماجستير في القانون، بايثون",,9/3/2025,https://job-boards.greenhouse.io/anthropic/jobs/4799425008,"نبذة عن أنثروبيك تتمثل مهمة أنثروبيك في إنشاء أنظمة ذكاء اصطناعي موثوقة وقابلة للتفسير وقابلة للتوجيه. نريد أن يكون الذكاء الاصطناعي آمنًا ومفيدًا لمستخدمينا وللمجتمع ككل. يتكون فريقنا من مجموعة سريعة النمو من الباحثين والمهندسين وخبراء السياسات وقادة الأعمال الملتزمين الذين يعملون معًا لبناء أنظمة ذكاء اصطناعي مفيدة. نبذة عن الفريق نحن نبحث عن علماء أبحاث ومهندسين متحمسين للانضمام إلى فريق التدريب المسبق المتنامي لدينا في زيورخ. نحن نشارك في تطوير الجيل القادم من نماذج اللغة الكبيرة. يركز الفريق بشكل أساسي على القدرات متعددة الوسائط: مما يمنح طلاب الماجستير في القانون القدرة على فهم الوسائط الأخرى غير النص والتفاعل معها. في هذا الدور، ستعمل في تقاطع البحث المتطور والهندسة العملية، مما يساهم في تطوير أنظمة ذكاء اصطناعي آمنة وقابلة للتوجيه وجديرة بالثقة. المسؤوليات في هذا الدور، ستتفاعل مع العديد من أجزاء الهندسة والبحث. إجراء البحوث وتنفيذ الحلول في مجالات مثل بنية النموذج والخوارزميات ومعالجة البيانات وتطوير المُحسِّنات. قيادة مشاريع بحثية صغيرة بشكل مستقل مع التعاون مع أعضاء الفريق في مبادرات أكبر. تصميم وتشغيل وتحليل التجارب العلمية لتعزيز فهمنا لنماذج اللغة الكبيرة. تحسين وتوسيع نطاق البنية التحتية للتدريب لدينا لتحسين الكفاءة والموثوقية. تطوير وتحسين أدوات التطوير لتعزيز إنتاجية الفريق. المساهمة في المجموعة بأكملها، من التحسينات منخفضة المستوى إلى تصميم النموذج عالي المستوى. المؤهلات والخبرة نشجعك على التقديم حتى لو كنت لا تعتقد أنك تستوفي كل معيار. نظرًا لأننا نركز على العديد من المجالات، فإن الفريق يبحث عن مهندسين ذوي خبرة وباحثين أقوياء، ونشجع أي شخص على طول طيف الباحث / المهندس على التقديم. درجة (مطلوب بكالوريوس، ماجستير أو دكتوراه مفضلة) في علوم الكمبيوتر، أو التعلم الآلي، أو مجال ذي صلة مهارات قوية في هندسة البرمجيات مع سجل حافل في بناء أنظمة معقدة الخبرة في Python وأطر التعلم العميق العمل على أنظمة ML عالية الأداء وواسعة النطاق، لا سيما في سياق نمذجة اللغة المعرفة بمسرعات ML وKubernetes ومعالجة البيانات واسعة النطاق مهارات قوية في حل المشكلات وعقلية موجهة نحو النتائج مهارات تواصل ممتازة والقدرة على العمل في بيئة تعاونية ستزدهر في هذا الدور إذا كان لديك خبرة كبيرة في هندسة البرمجيات قادر على موازنة أهداف البحث مع القيود الهندسية العملية يسعد بتولي مهام خارج وصف وظيفتك لدعم الفريق الاستمتاع بالبرمجة الثنائية والعمل التعاوني حريصون على معرفة المزيد عن أبحاث التعلم الآلي متحمسون للعمل في منظمة تعمل كفريق واحد متماسك يسعى إلى مشاريع بحثية واسعة النطاق في مجال الذكاء الاصطناعي لديك أهداف طموحة لسلامة الذكاء الاصطناعي والتقدم العام في السنوات القليلة المقبلة،وأنت متحمس لتحقيق أفضل النتائج على المدى الطويل"
دفيئة,"باحث علمي / مهندس أبحاث، تدريب مسبق",أنثروبي,أبحاث وهندسة الذكاء الاصطناعي,,"لندن، المملكة المتحدة",,250 جنيهًا إسترلينيًا,"Kubernetes، llm، python، pytorch",,9/3/2025,https://job-boards.greenhouse.io/anthropic/jobs/4681526008,"حول أنثروبيك: تتمثل مهمة أنثروبيك في إنشاء أنظمة ذكاء اصطناعي موثوقة، وقابلة للتفسير، وقابلة للتوجيه. نريد أن يكون الذكاء الاصطناعي آمنًا ومفيدًا لمستخدمينا وللمجتمع ككل. يتكون فريقنا من مجموعة متنامية بسرعة من الباحثين والمهندسين وخبراء السياسات وقادة الأعمال الملتزمين، والذين يعملون معًا لبناء أنظمة ذكاء اصطناعي فعّالة. تتصدر أنثروبيك بحوث الذكاء الاصطناعي، وتكرس جهودها لتطوير ذكاء اصطناعي آمن، وأخلاقي، وفعال. تتمثل مهمتنا في ضمان توافق أنظمة الذكاء الاصطناعي التحويلية مع المصالح البشرية. نبحث عن مهندس أبحاث للانضمام إلى فريق التدريب المسبق لدينا، ليكون مسؤولاً عن تطوير الجيل القادم من نماذج اللغات الكبيرة. في هذا الدور، ستعمل على تقاطع الأبحاث المتطورة والهندسة العملية، مساهمًا في تطوير أنظمة ذكاء اصطناعي آمنة، وقابلة للتوجيه، وجديرة بالثقة. المسؤوليات الرئيسية: إجراء البحوث وتنفيذ الحلول في مجالات مثل بنية النموذج والخوارزميات ومعالجة البيانات وتطوير المُحسِّن. قيادة مشاريع بحثية صغيرة بشكل مستقل مع التعاون مع أعضاء الفريق في مبادرات أكبر. تصميم وتشغيل وتحليل التجارب العلمية لتعزيز فهمنا لنماذج اللغة الكبيرة. تحسين وتوسيع نطاق البنية التحتية للتدريب لدينا لتحسين الكفاءة والموثوقية. تطوير وتحسين أدوات التطوير لتعزيز إنتاجية الفريق. المساهمة في المجموعة بأكملها، من التحسينات منخفضة المستوى إلى تصميم النموذج عالي المستوى. المؤهلات: درجة متقدمة (ماجستير أو دكتوراه) في علوم الكمبيوتر أو التعلم الآلي أو مجال ذي صلة. مهارات قوية في هندسة البرمجيات مع سجل حافل في بناء أنظمة معقدة. الخبرة في Python والخبرة في أطر التعلم العميق (يفضل PyTorch). الألفة مع التعلم الآلي واسع النطاق، وخاصة في سياق نماذج اللغة. القدرة على موازنة أهداف البحث مع القيود الهندسية العملية. مهارات قوية في حل المشكلات وعقلية موجهة نحو النتائج. مهارات تواصل ممتازة والقدرة على العمل في بيئة تعاونية. الاهتمام بالتأثيرات المجتمعية لعملك. الخبرة المفضلة: العمل على الأداء العالي، أنظمة التعلم الآلي واسعة النطاق. المعرفة بوحدات معالجة الرسومات وKubernetes والمكونات الداخلية لنظام التشغيل. الخبرة في نمذجة اللغة باستخدام بنيات المحولات. معرفة تقنيات التعلم التعزيزي. الخلفية في عمليات ETL واسعة النطاق. ستزدهر في هذا الدور إذا كنت: لديك خبرة كبيرة في هندسة البرمجيات. موجه نحو النتائج مع تحيز نحو المرونة والتأثير. تتولى عن طيب خاطر مهام خارج وصف وظيفتك لدعم الفريق. استمتع بالبرمجة الثنائية والعمل التعاوني. حريص على معرفة المزيد عن أبحاث التعلم الآلي. متحمس للعمل في منظمة تعمل كفريق واحد متماسك يسعى إلى مشاريع بحثية واسعة النطاق في مجال الذكاء الاصطناعي. تعمل على مواءمة النماذج الحديثة مع القيم والتفضيلات الإنسانية، وفهم وتفسير الشبكات العصبية العميقة.أو تطوير نماذج جديدة لدعم هذه المجالات من البحث"
دفيئة,"باحث علمي، قابلية التفسير",أنثروبي,أبحاث وهندسة الذكاء الاصطناعي,,"سان فرانسيسكو، كاليفورنيا",بعيد,2023,"ماجستير في القانون، بايثون",,9/3/2025,https://job-boards.greenhouse.io/anthropic/jobs/4020159008,"حول أنثروبيك: تتمثل مهمة أنثروبيك في إنشاء أنظمة ذكاء اصطناعي موثوقة، قابلة للتفسير، وقابلة للتوجيه. نريد أن يكون الذكاء الاصطناعي آمنًا ومفيدًا لمستخدمينا وللمجتمع ككل. فريقنا هو مجموعة متنامية بسرعة من الباحثين والمهندسين وخبراء السياسات وقادة الأعمال الملتزمين، الذين يعملون معًا لبناء أنظمة ذكاء اصطناعي فعّالة. حول الدور: عندما ترى قدرات نماذج اللغة الحديثة، هل تتساءل: ""كيف تعمل هذه الأشياء؟ كيف يمكننا الوثوق بها؟"" يعمل فريق قابلية التفسير في أنثروبيك على إجراء هندسة عكسية لكيفية عمل النماذج المُدرّبة، لأننا نؤمن بأن الفهم الآلي هو أقوى طريقة لجعل الأنظمة المتقدمة آمنة. نبحث عن باحثين ومهندسين للانضمام إلى جهودنا. يقصد الناس بـ ""قابلية التفسير"" أشياءً مختلفة. نحن نركز على قابلية التفسير الآلية، والتي تهدف إلى اكتشاف كيفية ربط معلمات الشبكة العصبية بخوارزميات ذات معنى. قد يكون من المفيد تشبيهنا بمحاولة دراسة ""بيولوجيا"" أو ""علم أعصاب"" الشبكات العصبية باستخدام ""المجاهر"" التي نبنيها، أو بمعالجة الشبكات العصبية كبرامج حاسوبية ثنائية نحاول ""هندستها عكسيًا"". ومن المصادر التي تتيح لنا معرفة المزيد عن عملنا وفريقنا على مستوى عالٍ، هذه المقدمة لـ""قابلية التفسير"" التي قدمها كريس أولاه، قائد أبحاثنا؛ ومناقشة عملنا في بودكاست ""هارد فورك"" الذي أنتجته صحيفة نيويورك تايمز؛ وهذه المدونة (والفيديو المصاحب) التي تشرح المزيد عن بعض التحديات الهندسية التي واجهناها للوصول إلى هذه النتائج. من أبرز منشورات فريقنا: ""إطار عمل رياضي لدوائر المحولات""، و""التعلم السياقي ورؤوس الاستقراء""، و""نماذج تراكبية بسيطة""، و""قياس أحادية الدلالة""، وأوراقنا البحثية عن ""طرق الدوائر"" و""علم الأحياء"". يعتمد هذا العمل على أفكار مستمدة من أعمال الأعضاء السابقة لـ Anthropic، مثل خيط الدوائر الأصلي، والخلايا العصبية متعددة الوسائط، وأطالس التنشيط، ووحدات البناء. نهدف إلى إرساء أساس متين لفهم الشبكات العصبية ميكانيكيًا وجعلها آمنة (انظر منشور رؤيتنا). على المدى القصير، ركزنا على حل مشكلة ""التراكب"" (انظر نماذج الألعاب للتراكب، والتراكب، والحفظ، والانحدار المزدوج، وتحديث مايو 2023)، التي تجعل الوحدات الحسابية للنماذج، مثل الخلايا العصبية ورؤوس الانتباه، غير قابلة للتفسير بشكل فردي، وعلى إيجاد طرق لتحليل النماذج إلى مكونات أكثر قابلية للتفسير. وقد وجد عملنا اللاحق ملايين الميزات في Sonnet، أحد نماذج لغة الإنتاج لدينا، مما يمثل تقدمًا في هذا الاتجاه. في أحدث أعمالنا، قمنا بتطوير أساليب تسمح لنا ببناء دوائر باستخدام الميزات واستخدام هذه الدوائر لفهم الآليات المرتبطة بحساب النموذج ودراسة أمثلة محددة للتفكير متعدد القفزات والتخطيط وإخلاص سلسلة الأفكار على Haiku 3.5.""أحد نماذج الإنتاج لدينا."" هذه نقطة انطلاق نحو هدفنا الشامل المتمثل في فهم الآليات"
دفيئة,"باحث علمي، الرموز (متعددة الوسائط)",أنثروبي,أبحاث وهندسة الذكاء الاصطناعي,,"سان فرانسيسكو، كاليفورنيا | مدينة نيويورك، نيويورك | سياتل، واشنطن",,"280,00 دولارًا","كوبيرنيتس، باي تورش",,9/3/2025,https://job-boards.greenhouse.io/anthropic/jobs/4628787008,"حول أنثروبيك تتمثل مهمة أنثروبيك في إنشاء أنظمة ذكاء اصطناعي موثوقة وقابلة للتفسير والتوجيه. نريد أن يكون الذكاء الاصطناعي آمنًا ومفيدًا لمستخدمينا وللمجتمع ككل. يتكون فريقنا من مجموعة سريعة النمو من الباحثين والمهندسين وخبراء السياسات وقادة الأعمال الملتزمين الذين يعملون معًا لبناء أنظمة ذكاء اصطناعي مفيدة. في أنثروبيك، نؤمن بأن أكثر أبحاث السلامة تأثيرًا ستتطلب الوصول إلى أنظمة الذكاء الاصطناعي الرائدة. ستعمل أقوى أنظمة الذكاء الاصطناعي ليس فقط على النصوص ولكن أيضًا على أنماط أخرى من البيانات، بما في ذلك الصور والفيديو والصوت. تتمتع هذه النماذج بالقدرة على تعزيز الإبداع البشري والإنتاجية بطرق مثيرة. ومع ذلك، فإننا قلقون للغاية بشأن المخاطر التي تسببها أنظمة الذكاء الاصطناعي القوية متعددة الوسائط. يقوم فريق الوسائط المتعددة في أنثروبيك ببناء ودراسة نماذج متعددة الوسائط لفهم هذه المخاطر والتخفيف منها بشكل أفضل. يعمل فريقنا عبر العديد من أجزاء مجموعة كبيرة تشمل التدريب والاستدلال وتصميم النظام وجمع البيانات. بعض مجالات تركيزنا الأساسية هي: البحث الأساسي نطور هياكل جديدة لنمذجة البيانات متعددة الوسائط وندرس كيفية تفاعلها مع النماذج النصية فقط على نطاق واسع. بناء البنية التحتية نعمل على العديد من مشاريع البنية التحتية بما في ذلك: بيئات التعلم التعزيزي متعددة الوسائط المعقدة. خوادم RPC عالية الأداء لمعالجة مدخلات الصور. بنية تحتية لصندوق الحماية لجمع البيانات بشكل آمن. استيعاب البيانات نحن مهتمون بإجراء تجارب بسيطة على نطاق واسع أكثر من التجارب المعقدة الأصغر. وهذا يتطلب الوصول إلى مصادر كبيرة جدًا من البيانات متعددة الوسائط. نطور أدوات لجمع ومعالجة وتنظيف البيانات متعددة الوسائط على نطاق واسع. ونظرًا لتركيزنا على العديد من المجالات، يتطلع الفريق إلى العمل مع كل من المهندسين ذوي الخبرة والباحثين الأقوياء، ونشجع أي شخص على طول منحنى الباحث / المهندس على التقديم. قد تكون مناسبًا إذا كنت: تتمتع بخبرة كبيرة في هندسة البرمجيات موجه نحو النتائج، مع تحيز نحو المرونة والتأثير تلتقط التراخي، حتى لو كان خارج نطاق وصف وظيفتك تستمتع بالبرمجة الثنائية (نحن نحب الاقتران!) تريد معرفة المزيد عن أبحاث التعلم الآلي تهتم بالتأثيرات المجتمعية لعملك قد يكون لدى المرشحين الأقوياء أيضًا خبرة في: أنظمة التعلم الآلي عالية الأداء وواسعة النطاق وحدات معالجة الرسومات أو Kubernetes أو Pytorch أو الأجزاء الداخلية لنظام التشغيل نمذجة اللغة باستخدام المحولات التعلم التعزيزي استخراج وتحويل وتحميل البيانات على نطاق واسع النطاق النطاق المتوقع للراتب لهذا المنصب هو: الراتب السنوي: 280,000 دولار أمريكي - 425,000 دولار أمريكي متطلبات التعليم اللوجستي: نطلب درجة البكالوريوس على الأقل في مجال ذي صلة أو خبرة معادلة. سياسة العمل الهجين القائمة على الموقع: نتوقع حاليًا أن يكون جميع الموظفين في أحد مكاتبنا لمدة 25٪ على الأقل من الوقت. ومع ذلك، قد تتطلب بعض الأدوار مزيدًا من الوقت في مكاتبنا. رعاية التأشيرات: نحن نرعى التأشيرات! ومع ذلك، لا يمكننا رعاية التأشيرات بنجاح لكل دور وكل مرشح. ولكن إذا قدمنا ​​لك عرضًا، فسنبذل قصارى جهدنا للحصول على تأشيرة لك،ونحن نحتفظ بالمهاجرين"
دفيئة,"مهندس برمجيات، هندسة موثوقية الذكاء الاصطناعي",أنثروبي,أبحاث وهندسة الذكاء الاصطناعي,,"دبلن، أيرلندا",,1000,ماجستير في القانون,,9/4/2025,https://job-boards.greenhouse.io/anthropic/jobs/4608196008,"نبذة عن أنثروبيك: مهمة أنثروبيك هي إنشاء أنظمة ذكاء اصطناعي موثوقة وقابلة للتفسير والتوجيه. نريد أن يكون الذكاء الاصطناعي آمنًا ومفيدًا لمستخدمينا وللمجتمع ككل. يتكون فريقنا من مجموعة سريعة النمو من الباحثين والمهندسين وخبراء السياسات وقادة الأعمال الملتزمين الذين يعملون معًا لبناء أنظمة ذكاء اصطناعي مفيدة. نبذة عن الدور: تبحث أنثروبيك عن مهندسي موثوقية موهوبين وذوي خبرة، بما في ذلك مهندسي البرمجيات ومهندسي النظم ذوي الخبرة والاهتمام بالموثوقية، للانضمام إلى فريقنا. سنحدد ونحقق مقاييس الموثوقية لجميع منتجات وخدمات أنثروبيك الداخلية والخارجية. بينما نعمل على تحسين موثوقية خدمات أنثروبيك بشكل كبير، نخطط لاستخدام القدرات المتطورة لنماذج الذكاء الاصطناعي الحديثة لإعادة هندسة طريقة عملنا. سيكون هذا الفريق جزءًا أساسيًا من مهمة أنثروبيك المتمثلة في جلب قدرات تقنيات الذكاء الاصطناعي الرائدة لصالح البشرية بطريقة آمنة وموثوقة. المسؤوليات: تطوير أهداف مستوى الخدمة المناسبة لأنظمة خدمة وتدريب نماذج اللغة الكبيرة، وموازنة التوافر/الكمون مع سرعة التطوير تصميم وتنفيذ أنظمة المراقبة بما في ذلك التوافر والكمون وغيرها من المقاييس البارزة المساعدة في تصميم وتنفيذ البنية التحتية لخدمة نماذج اللغة عالية التوافر القادرة على التعامل مع احتياجات ملايين العملاء الخارجيين وأحمال العمل الداخلية عالية الحركة تطوير وإدارة أنظمة التعافي من الفشل والاسترداد الآلية لنشر خدمة النماذج عبر مناطق متعددة ومقدمي الخدمات السحابية قيادة الاستجابة للحوادث لخدمات الذكاء الاصطناعي الحرجة، وضمان التعافي السريع والتحسينات المنهجية من كل حادث بناء وصيانة أنظمة تحسين التكلفة للبنية التحتية للذكاء الاصطناعي واسعة النطاق، مع التركيز على استخدام وكفاءة المسرع (GPU/TPU/Trainium) قد تكون مناسبًا إذا كنت: لديك خبرة واسعة في مراقبة الأنظمة الموزعة ومراقبتها على نطاق واسع فهم التحديات الفريدة لتشغيل البنية التحتية للذكاء الاصطناعي، بما في ذلك خدمة النماذج واستدلال الدفعات وأنابيب التدريب لديك خبرة مثبتة في تنفيذ وصيانة أطر عمل SLO/SLA للخدمات المهمة للأعمال تشعر بالراحة في العمل مع كل من المقاييس التقليدية (الكمون والتوافر) والمقاييس الخاصة بالذكاء الاصطناعي (أداء النموذج، وتقارب التدريب) لديهم خبرة في هندسة الفوضى واختبار المرونة المنهجية يمكنهم سد الفجوة بين مهندسي التعلم الآلي وفرق البنية التحتية بشكل فعال لديهم مهارات اتصال ممتازة قد يكون لدى المرشحين الأقوياء أيضًا: خبرة في تشغيل البنية التحتية لتدريب النماذج واسعة النطاق أو خدمة البنية التحتية (>1000 وحدة معالجة رسومية) لديهم خبرة في مسرعات أجهزة التعلم الآلي واحدة أو أكثر (وحدات معالجة الرسومات، ووحدات معالجة الرسومات، وTrainium، على سبيل المثال) فهم تحسينات الشبكات الخاصة بالتعلم الآلي مثل RDMA وInfiniBand. امتلاك الخبرة في أدوات وأطر المراقبة الخاصة بالذكاء الاصطناعي. إدراك استراتيجيات نشر نموذج التعلم الآلي وتأثيراتها على الموثوقية. المساهمة في عمليات التشغيل"
دفيئة,"مهندس حلول، الذكاء الاصطناعي التطبيقي",أنثروبي,مبيعات,,"طوكيو، اليابان",,25,"ماجستير في القانون، بايثون",,9/9/2025,https://job-boards.greenhouse.io/anthropic/jobs/4858547008,"حول أنثروبيك تتمثل مهمة أنثروبيك في إنشاء أنظمة ذكاء اصطناعي موثوقة وقابلة للتفسير والتوجيه. نريد أن يكون الذكاء الاصطناعي آمنًا ومفيدًا لمستخدمينا وللمجتمع ككل. يتكون فريقنا من مجموعة سريعة النمو من الباحثين والمهندسين وخبراء السياسات وقادة الأعمال الملتزمين الذين يعملون معًا لبناء أنظمة ذكاء اصطناعي مفيدة. حول الدور بصفتك عضوًا في فريق الذكاء الاصطناعي التطبيقي في أنثروبيك، ستكون مهندسًا معماريًا لما قبل البيع يركز على أن تصبح مستشارًا فنيًا موثوقًا به يساعد الشركات الكبيرة على فهم قيمة كلود ورسم الرؤية حول كيفية دمج كلود ونشره بنجاح في مجموعة التقنيات الخاصة بهم. ستجمع بين خبرتك الفنية العميقة ومهارات التعامل مع العملاء لتصميم حلول مبتكرة لماجستير في القانون تعالج تحديات الأعمال المعقدة مع الحفاظ على معاييرنا العالية للسلامة والموثوقية. من خلال العمل بشكل وثيق مع فرق المبيعات والمنتجات والهندسة لدينا، ستوجه العملاء من الاكتشاف الفني الأولي وحتى النشر الناجح. ستستفيد من خبرتك لمساعدة العملاء على فهم قدرات كلود وتطوير التقييمات وتصميم هياكل قابلة للتطوير تعمل على تعظيم قيمة أنظمة الذكاء الاصطناعي لدينا. المسؤوليات: التعاون مع مسؤولي الحسابات في جميع أنحاء اليابان لفهم متطلبات العملاء بعمق وترجمتها إلى حلول تقنية، مع ضمان التوافق بين أهداف العمل والتنفيذ التقني. العمل كمستشار تقني رئيسي لعملاء المؤسسات في جميع أنحاء اليابان طوال رحلة تبنيهم لنظام Claude، من الاكتشاف إلى التقييم الأولي وحتى النشر. ستحتاج إلى التنسيق داخليًا بين فرق متعددة وأصحاب المصلحة لتحقيق نجاح العملاء. دعم العملاء الذين يبنون أعمالهم باستخدام واجهة برمجة تطبيقات Claude وCloud for Work. إنشاء وتقديم محتوى تقني جذاب مُصمم خصيصًا لجمهور مختلف في جميع أنحاء اليابان. ستحتاج إلى أن تكون قادرًا على نشر مجموعة واسعة من الغوصات الفنية العميقة لفرق الهندسة والتطوير حتى المحادثات التي تركز على قيمة الأعمال مع المديرين التنفيذيين. توجيه قرارات الهندسة المعمارية الفنية ومساعدة العملاء في جميع أنحاء اليابان على دمج Claude بشكل فعال في مجموعة التكنولوجيا الحالية الخاصة بهم. مساعدة العملاء على تطوير أطر التقييم لقياس أداء Claude لحالات الاستخدام المحددة الخاصة بهم. تحديد أنماط التكامل الشائعة والمساهمة بالرؤى مرة أخرى لفرق المنتجات والهندسة لدينا. السفر من حين لآخر إلى مواقع العملاء لحضور ورش العمل والغوص الفني العميق وبناء العلاقات. الحفاظ على معرفة قوية بأحدث التطورات في قدرات LLM وأنماط التنفيذ. قد تكون مناسبًا إذا كان لديك: خبرة لا تقل عن 5 سنوات في الأدوار التقنية التي تواجه العملاء مثل مهندس الحلول أو مهندس المبيعات أو مدير الحسابات الفني. مطلوب إتقان اللغة اليابانية على المستوى الأصلي واللغة الإنجليزية على مستوى الأعمال. خبرة في العمل مع عملاء المؤسسات،القدرة على التنقل بين دورات الشراء المعقدة التي تشمل أصحاب المصلحة المتعددين، والقدرة الاستثنائية على بناء العلاقات والتواصل مع المفاهيم الفنية"
دفيئة,"مهندس حلول، الذكاء الاصطناعي التطبيقي",أنثروبي,مبيعات,,"سان فرانسيسكو، كاليفورنيا | مدينة نيويورك، نيويورك | سياتل، واشنطن",,"240,00 دولارًا","ماجستير في القانون، بايثون",,9/3/2025,https://job-boards.greenhouse.io/anthropic/jobs/4461444008,"حول أنثروبيك تتمثل مهمة أنثروبيك في إنشاء أنظمة ذكاء اصطناعي موثوقة وقابلة للتفسير والتوجيه. نريد أن يكون الذكاء الاصطناعي آمنًا ومفيدًا لمستخدمينا وللمجتمع ككل. يتكون فريقنا من مجموعة سريعة النمو من الباحثين والمهندسين وخبراء السياسات وقادة الأعمال الملتزمين الذين يعملون معًا لبناء أنظمة ذكاء اصطناعي مفيدة. حول الدور بصفتك عضوًا في فريق الذكاء الاصطناعي التطبيقي في أنثروبيك، ستكون مهندسًا معماريًا لما قبل البيع يركز على أن تصبح مستشارًا فنيًا موثوقًا به يساعد الشركات الكبيرة على فهم قيمة كلود ورسم الرؤية حول كيفية دمج كلود ونشره بنجاح في مجموعة التقنيات الخاصة بهم. ستجمع بين خبرتك الفنية العميقة ومهارات التعامل مع العملاء لتصميم حلول مبتكرة لماجستير في القانون تعالج تحديات الأعمال المعقدة مع الحفاظ على معاييرنا العالية للسلامة والموثوقية. من خلال العمل بشكل وثيق مع فرق المبيعات والمنتجات والهندسة لدينا، ستوجه العملاء من الاكتشاف الفني الأولي وحتى النشر الناجح. ستستفيد من خبرتك لمساعدة العملاء على فهم قدرات كلود وتطوير التقييمات وتصميم هياكل قابلة للتطوير تعمل على تعظيم قيمة أنظمة الذكاء الاصطناعي لدينا. المسؤوليات: التعاون مع مسؤولي الحسابات لفهم متطلبات العملاء بعمق وترجمتها إلى حلول تقنية، مع ضمان التوافق بين أهداف العمل والتنفيذ التقني. العمل كمستشار تقني رئيسي لعملاء المؤسسات طوال رحلة تبنيهم لنظام Claude، من الاكتشاف إلى التقييم الأولي وحتى النشر. ستحتاج إلى التنسيق داخليًا بين فرق متعددة وأصحاب المصلحة لتحقيق نجاح العملاء. دعم العملاء الذين يبنون أعمالهم باستخدام واجهة برمجة تطبيقات Claude وCloud for Work. إنشاء وتقديم محتوى تقني جذاب مُصمم خصيصًا لفئات مختلفة. قد تحتاج إلى أن تكون قادرًا على نشر مجموعة واسعة من الغوصات الفنية العميقة لفرق الهندسة والتطوير حتى المحادثات التي تركز على قيمة الأعمال مع المديرين التنفيذيين. توجيه قرارات الهندسة المعمارية الفنية ومساعدة العملاء على دمج Claude بشكل فعال في مجموعة التكنولوجيا الحالية الخاصة بهم. مساعدة العملاء على تطوير أطر التقييم لقياس أداء Claude لحالات الاستخدام المحددة الخاصة بهم. تحديد أنماط التكامل الشائعة والمساهمة بالرؤى مرة أخرى إلى فرق المنتج والهندسة لدينا. السفر من حين لآخر إلى مواقع العملاء لحضور ورش العمل والغوص الفني العميق وبناء العلاقات. الحفاظ على معرفة قوية بأحدث التطورات في قدرات LLM وأنماط التنفيذ. قد تكون مناسبًا إذا كان لديك: أكثر من 5 سنوات من الخبرة في الأدوار التقنية التي تواجه العملاء مثل مهندس الحلول أو مهندس المبيعات أو مدير الحساب الفني. خبرة في العمل مع عملاء المؤسسات، والتنقل في دورات الشراء المعقدة التي تنطوي على أصحاب المصلحة المتعددين. قدرة استثنائية على بناء العلاقات والتواصل مع المفاهيم الفنية لأصحاب المصلحة المتنوعين لتشمل المديرين التنفيذيين C-suite وفرق الهندسة وتكنولوجيا المعلومات.والمزيد من الاتصالات التقنية القوية"
دفيئة,"مهندس حلول، الذكاء الاصطناعي التطبيقي",أنثروبي,مبيعات,,"لندن، المملكة المتحدة",,"105,00 جنيه إسترليني","ماجستير في القانون، بايثون",,9/3/2025,https://job-boards.greenhouse.io/anthropic/jobs/4819502008,"حول أنثروبيك تتمثل مهمة أنثروبيك في إنشاء أنظمة ذكاء اصطناعي موثوقة وقابلة للتفسير والتوجيه. نريد أن يكون الذكاء الاصطناعي آمنًا ومفيدًا لمستخدمينا وللمجتمع ككل. يتكون فريقنا من مجموعة سريعة النمو من الباحثين والمهندسين وخبراء السياسات وقادة الأعمال الملتزمين الذين يعملون معًا لبناء أنظمة ذكاء اصطناعي مفيدة. حول الدور بصفتك عضوًا في فريق الذكاء الاصطناعي التطبيقي في أنثروبيك، ستكون مهندسًا معماريًا لما قبل البيع يركز على أن تصبح مستشارًا فنيًا موثوقًا به يساعد الشركات الكبيرة على فهم قيمة كلود ورسم الرؤية حول كيفية دمج كلود ونشره بنجاح في مجموعة التقنيات الخاصة بهم. ستجمع بين خبرتك الفنية العميقة ومهارات التعامل مع العملاء لتصميم حلول مبتكرة لماجستير في القانون تعالج تحديات الأعمال المعقدة مع الحفاظ على معاييرنا العالية للسلامة والموثوقية. من خلال العمل بشكل وثيق مع فرق المبيعات والمنتجات والهندسة لدينا، ستوجه العملاء من الاكتشاف الفني الأولي وحتى النشر الناجح. ستستفيد من خبرتك لمساعدة العملاء على فهم قدرات كلود وتطوير التقييمات وتصميم هياكل قابلة للتطوير تعمل على تعظيم قيمة أنظمة الذكاء الاصطناعي لدينا. المسؤوليات: التعاون مع مسؤولي الحسابات لفهم متطلبات العملاء بعمق وترجمتها إلى حلول تقنية، مع ضمان التوافق بين أهداف العمل والتنفيذ التقني. العمل كمستشار تقني رئيسي لعملاء المؤسسات طوال رحلة تبنيهم لنظام Claude، من الاكتشاف إلى التقييم الأولي وحتى النشر. ستحتاج إلى التنسيق داخليًا بين فرق متعددة وأصحاب المصلحة لتحقيق نجاح العملاء. دعم العملاء الذين يبنون أعمالهم باستخدام واجهة برمجة تطبيقات Claude وCloud for Work. إنشاء وتقديم محتوى تقني جذاب مُصمم خصيصًا لفئات مختلفة. قد تحتاج إلى أن تكون قادرًا على نشر مجموعة واسعة من الغوصات الفنية العميقة لفرق الهندسة والتطوير حتى المحادثات التي تركز على قيمة الأعمال مع المديرين التنفيذيين. توجيه قرارات الهندسة المعمارية الفنية ومساعدة العملاء على دمج Claude بشكل فعال في مجموعة التكنولوجيا الحالية الخاصة بهم. مساعدة العملاء على تطوير أطر التقييم لقياس أداء Claude لحالات الاستخدام المحددة الخاصة بهم. تحديد أنماط التكامل الشائعة والمساهمة بالرؤى مرة أخرى إلى فرق المنتج والهندسة لدينا. السفر من حين لآخر إلى مواقع العملاء لحضور ورش العمل والغوص الفني العميق وبناء العلاقات. الحفاظ على معرفة قوية بأحدث التطورات في قدرات LLM وأنماط التنفيذ. قد تكون مناسبًا إذا كان لديك: أكثر من 5 سنوات من الخبرة في الأدوار التقنية التي تواجه العملاء مثل مهندس الحلول أو مهندس المبيعات أو مدير الحساب الفني. خبرة في العمل مع عملاء المؤسسات، والتنقل في دورات الشراء المعقدة التي تنطوي على أصحاب المصلحة المتعددين. قدرة استثنائية على بناء العلاقات والتواصل مع المفاهيم الفنية لأصحاب المصلحة المتنوعين لتشمل المديرين التنفيذيين C-suite وفرق الهندسة وتكنولوجيا المعلومات.والمزيد من الاتصالات التقنية القوية"
دفيئة,"مدير التكنولوجيا الرائد، حماية البنية التحتية للتعلم الآلي",أنثروبي,الضمانات (الثقة والسلامة),,"سان فرانسيسكو، كاليفورنيا",,"405,00 دولارًا",ماجستير في القانون,,9/12/2025,https://job-boards.greenhouse.io/anthropic/jobs/4778852008,"نبذة عن أنثروبيك: تتمثل مهمة أنثروبيك في إنشاء أنظمة ذكاء اصطناعي موثوقة، قابلة للتفسير والتوجيه. نريد أن يكون الذكاء الاصطناعي آمنًا ومفيدًا لمستخدمينا وللمجتمع ككل. يتكون فريقنا من مجموعة متنامية بسرعة من الباحثين والمهندسين وخبراء السياسات وقادة الأعمال الملتزمين، والذين يعملون معًا لبناء أنظمة ذكاء اصطناعي فعّالة. نبذة عن الوظيفة: تبحث أنثروبيك عن مدير هندسة البنية التحتية للتعلم الآلي لقيادة فريق عمل أساسي ضمن قسم الضمانات لدينا. ستدير وتنمي فريقًا من مهندسي البنية التحتية الذين يبنون ويوسعون الأنظمة الأساسية التي تدعم آليات السلامة والثقة في الذكاء الاصطناعي لدينا. يجمع هذا الدور بين القيادة التقنية العميقة في البنية التحتية للتعلم الآلي وإدارة الموارد البشرية، مما يقود الرؤية الاستراتيجية والتنفيذ اليومي للأنظمة التي تضمن عمل نماذج الذكاء الاصطناعي لدينا بأمان وموثوقية على نطاق واسع. سيكون فريقك مسؤولاً عن العمود الفقري للبنية التحتية الذي يتيح إجراء تقييمات السلامة في الوقت الفعلي والأنظمة لجعل كلود آمنًا. ستعمل بشكل وثيق مع فرق البحث لترجمة أبحاث السلامة المتطورة إلى أنظمة جاهزة للإنتاج، بينما تتعاون مع فرق الضمانات والأمن والمحاذاة لضمان أن البنية التحتية لدينا تلبي المتطلبات الصارمة للتطبيقات الحرجة للسلامة. المسؤوليات: تحديد رؤية الفريق وخريطة الطريق للبنية التحتية للتعلم الآلي التي تدعم أنظمة السلامة والثقة في Anthropic، مما يضمن قابلية التوسع والموثوقية والأداء على نطاق الإنتاج. قيادة فريق من مهندسي البنية التحتية للتعلم الآلي والبرمجيات لبناء منصات قوية تدعم تقييمات السلامة في الوقت الفعلي ومخازن الميزات وخدمة النماذج وأنابيب البيانات. الشراكة مع فرق الضمانات والأمن والبحث والمنتج لتحديد متطلبات البنية التحتية وترجمة أبحاث السلامة المعقدة إلى أنظمة إنتاج قابلة للتطوير. قيادة الاستراتيجية الفنية لهندسة البنية التحتية للتعلم الآلي، واتخاذ القرارات الرئيسية بشأن خيارات التكنولوجيا وتصميم النظام وتطور المنصة. الحفاظ على الخبرة الفنية العميقة في البنية التحتية للتعلم الآلي والأنظمة الموزعة وتطبيقات السلامة الحرجة لتوفير القيادة الفنية والتوجيه. توظيف ودعم وتطوير أعضاء الفريق من خلال ردود الفعل المستمرة والتدريب المهني وممارسات إدارة الأفراد. التعاون عبر الفرق لضمان دعم البنية التحتية للتجريب السريع مع الحفاظ على موثوقية الإنتاج ومعايير السلامة. دعم أفضل ممارسات الهندسة بما في ذلك الاختبار الآلي وخطوط أنابيب النشر والمراقبة والاستجابة للحوادث للأنظمة الحرجة للسلامة. قد تكون مناسبًا إذا كنت: لديك أكثر من 4 سنوات من الخبرة الإدارية في قيادة الفرق الفنية التي تركز على البنية التحتية LLM أو هندسة المنصة أو التوزيع الأنظمة لديها خبرة عملية لا تقل عن 8 سنوات في بناء البنية التحتية للتعلم الآلي للإنتاج، ويفضل أن تكون في المجالات المهمة للسلامة مثل اكتشاف الاحتيال وتعديل المحتوى،أو تقييم المخاطر أظهر القدرة على قيادة وإدارة فرق فنية عالية الأداء خلال فترات النمو السريع وتحديات التوسع يمتلك معرفة فنية عميقة"
دفيئة,مهندس الذكاء الاصطناعي - FDE (مهندس النشر الأمامي),كتل البيانات,عمليات الخدمات المهنية,,عن بعد - الهند,بعيد,326,"AWS، Azure، DataBricks، GCP، PyTorch، Rag، Spark",,9/11/2025,https://databricks.com/company/careers/open-positions/job?gh_jid=8099751002,"CSQ326R35 المهمة: فريق هندسة الذكاء الاصطناعي المتقدمة (AI FDE) هو فريق ذكاء اصطناعي متخصص للغاية في خدمة العملاء في Databricks. نقدم خدمات احترافية لمساعدة عملائنا على بناء تطبيقات ذكاء اصطناعي فريدة من نوعها وإنتاجها. نعمل بشكل متعدد التخصصات لصياغة الأولويات والمبادرات الاستراتيجية طويلة المدى، إلى جانب العلاقات مع المهندسين والمنتجات والمطورين، بالإضافة إلى دعم فرق الخبراء الداخليين في المجال. ننظر إلى فريقنا كمجموعة متكاملة: نبحث عن أفراد ذوي تخصصات قوية وفريدة لتعزيز قوة الفريق بشكل عام. هذا الفريق هو الأنسب لك إذا كنت تحب العمل مع العملاء وزملائك، وترغب في الاطلاع على أحدث الاتجاهات في GenAI وLLMOps والتعلم الآلي على نطاق أوسع. يمكن العمل عن بُعد. التأثير الذي ستحدثه: تطوير حلول GenAI المتطورة، ودمج أحدث التقنيات من أبحاث Mosaic AI لحل مشاكل العملاء. طرح إنتاجي خاص لتطبيقات GenAI للمستهلكين والداخليين. العمل كمستشار فني موثوق به للعملاء عبر مجموعة متنوعة من المجالات. التواجد في مؤتمرات مثل Data + AI Summit، والاعتراف به كقائد فكري داخليًا وخارجيًا. التعاون بشكل وظيفي متعدد مع فرق المنتج والهندسة للتأثير على الأولويات وتشكيل خارطة طريق المنتج. ما نبحث عنه: خبرة في بناء تطبيقات GenAI، بما في ذلك RAG، وأنظمة متعددة الوكلاء، وText2SQL، والضبط الدقيق، وما إلى ذلك، باستخدام أدوات مثل HuggingFace وLangChain وDSPy. خبرة لا تقل عن 5 سنوات في مجال علوم البيانات ويفضل أن يكون ذلك في دور استشاري. الخبرة في نشر تطبيقات GenAI من الدرجة الإنتاجية، بما في ذلك التقييم والتحسينات. سنوات طويلة من الخبرة العملية في علوم البيانات الصناعية، والاستفادة من أدوات التعلم الآلي وعلوم البيانات الشائعة، مثل pandas وscikit-learn وPyTorch وما إلى ذلك. الخبرة بناء عمليات نشر التعلم الآلي من الدرجة الإنتاجية على AWS أو Azure أو GCP درجة الدراسات العليا في تخصص كمي (علوم الحاسوب، الهندسة، الإحصاء، بحوث العمليات، إلخ) أو ما يعادلها من خبرة عملية خبرة في توصيل و/أو تدريس المفاهيم التقنية للجمهور غير التقني والتقني على حد سواء شغف بالتعاون والتعلم مدى الحياة ودفع قيمة الأعمال من خلال الذكاء الاصطناعي [مفضل] خبرة في استخدام منصة Databricks Intelligence وApache Spark™ لمعالجة مجموعات البيانات الموزعة واسعة النطاق نبذة عن Databricks Databricks هي شركة البيانات والذكاء الاصطناعي. تعتمد أكثر من 10000 منظمة حول العالم - بما في ذلك Comcast وCondé Nast وGrammarly وأكثر من 50% من شركات Fortune 500 - على منصة Databricks Data Intelligence لتوحيد البيانات والتحليلات والذكاء الاصطناعي وإضفاء الطابع الديمقراطي عليها. يقع المقر الرئيسي لشركة Databricks في سان فرانسيسكو، ولها مكاتب في جميع أنحاء العالم وقد أسسها المبدعون الأصليون لـ Lakehouse، Apache Spark™، دلتا ليك وإم إل فلو. لمعرفة المزيد، تابعوا داتابريكس على تويتر ولينكدإن وفيسبوك. المزايا في داتابريكس:ونحن نسعى جاهدين لتوفير comprehensi"
دفيئة,مهندس الذكاء الاصطناعي - FDE (مهندس النشر الأمامي),كتل البيانات,عمليات الخدمات المهنية,,الولايات المتحدة,بعيد,426,"AWS، Azure، DataBricks، GCP، PyTorch، Rag، Spark",,9/10/2025,https://databricks.com/company/careers/open-positions/job?gh_jid=8024010002,"CSQ426R189 فريق هندسة الذكاء الاصطناعي المتقدمة (AI FDE) هو فريق ذكاء اصطناعي متخصص للغاية في التعامل مع العملاء في Databricks. نقدم خدمات احترافية لمساعدة عملائنا على بناء تطبيقات ذكاء اصطناعي فريدة من نوعها وإنتاجها. نعمل بشكل متعدد التخصصات لصياغة الأولويات والمبادرات الاستراتيجية طويلة المدى، إلى جانب العلاقات مع الهندسة والمنتجات والمطورين، بالإضافة إلى دعم فرق الخبراء الداخليين في المجال. ننظر إلى فريقنا كمجموعة متكاملة: نبحث عن أفراد ذوي تخصصات قوية وفريدة لتعزيز قوة الفريق بشكل عام. هذا الفريق هو الأنسب لك إذا كنت تحب العمل مع العملاء وزملائك، وترغب في الاطلاع على أحدث الاتجاهات في GenAI وLLMOps والتعلم الآلي على نطاق أوسع. يمكن العمل عن بُعد. التأثير الذي ستحدثه: تطوير حلول GenAI المتطورة، ودمج أحدث التقنيات من أبحاث Mosaic AI الخاصة بنا لحل مشكلات العملاء. طرح إنتاجي خاص لتطبيقات GenAI للمستهلكين والداخليين. العمل كمستشار فني موثوق به للعملاء عبر مجموعة متنوعة من المجالات. التواجد في مؤتمرات مثل Data + AI Summit، والاعتراف به كقائد فكري داخليًا وخارجيًا. التعاون بشكل وظيفي متعدد مع فرق المنتج والهندسة للتأثير على الأولويات وتشكيل خارطة طريق المنتج. ما نبحث عنه: خبرة في بناء تطبيقات GenAI، بما في ذلك RAG، وأنظمة متعددة الوكلاء، وText2SQL، والضبط الدقيق، وما إلى ذلك، باستخدام أدوات مثل HuggingFace وLangChain وDSPy. الخبرة في نشر تطبيقات GenAI من الدرجة الإنتاجية، بما في ذلك التقييم والتحسينات. سنوات طويلة من الخبرة العملية في علوم البيانات الصناعية، والاستفادة من أدوات التعلم الآلي وعلوم البيانات الشائعة (مثل pandas وscikit-learn وPyTorch وما إلى ذلك). خبرة في بناء عمليات نشر التعلم الآلي من الدرجة الإنتاجية على AWS أو Azure أو GCP. درجة الدراسات العليا في تخصص كمي (علوم الحاسوب، الهندسة، الإحصاء، بحوث العمليات، إلخ) أو خبرة عملية معادلة خبرة في توصيل و/أو تدريس المفاهيم التقنية للجمهور غير التقني والتقني على حد سواء شغف بالتعاون والتعلم مدى الحياة ودفع قيمة الأعمال من خلال الذكاء الاصطناعي [مفضل] خبرة في استخدام منصة Databricks Intelligence وApache Spark™ لمعالجة مجموعات البيانات الموزعة على نطاق واسع شفافية نطاق الأجر تلتزم Databricks بممارسات تعويض عادلة ومنصفة. يتم سرد نطاق (نطاقات) الأجر لهذا الدور أدناه ويمثل نطاق الراتب الأساسي المتوقع للأدوار غير القابلة للعمولة أو الأرباح المستهدفة للأدوار القابلة للعمولة. تستند حزم التعويضات الفعلية إلى عدة عوامل فريدة لكل مرشح، بما في ذلك على سبيل المثال لا الحصر المهارات المتعلقة بالوظيفة وعمق الخبرة والشهادات والتدريب ذات الصلة وموقع العمل المحدد. بناءً على العوامل المذكورة أعلاه، توقعت Databricks الاستفادة من العرض الكامل للنطاق.قد تشمل حزمة التعويضات الإجمالية لهذا المنصب أيضًا الأهلية للأداء السنوي"
دفيئة,عالم بيانات - خريج جديد (بداية عام 2026),كتل البيانات,التوظيف الجامعي,,"ماونتن فيو، كاليفورنيا؛ سان فرانسيسكو، كاليفورنيا",,978,"طوب البيانات، بيثون، شرارة، SQL",,9/17/2025,https://databricks.com/company/careers/open-positions/job?gh_jid=6866554002,"(P-978) في داتابريكس، نحرص على مساعدة فرق البيانات في حل أصعب مشاكل العالم، بدءًا من تحويل وسيلة النقل الجديدة إلى واقع ملموس وصولًا إلى تسريع تطوير الاكتشافات الطبية. نحقق ذلك من خلال بناء وتشغيل أفضل منصة للبنية التحتية للبيانات والذكاء الاصطناعي في العالم، مما يتيح لعملائنا استخدام رؤى البيانات العميقة لتحسين أعمالهم. بصفتك عالم بيانات، ستنضم إلى فريق البيانات من علماء ومهندسي البيانات لتحويل بيانات أعمال وعمليات داتابريكس إلى رؤى لتصميم المنتجات، واستراتيجيات لاستقطاب العملاء والاحتفاظ بهم، وتحسينات لكفاءة واستقرار وأداء النظام الهندسي. يعمل فريق البيانات أيضًا كعميل داخلي يُجري اختبارات تجريبية على منصة داتابريكس ويقود تحسينات المنتج. نحن نوظف حاليًا لمكتب ماونتن فيو، كاليفورنيا. سنناقش المزيد معك أثناء تقدمك في العملية! التأثير الذي ستحدثه: اعمل مع فريق البيانات وأصحاب المصلحة متعددي الوظائف (المنتج، نجاح العملاء، الهندسة، المبيعات، التسويق، والمالية) لاستخدام البيانات لحل المشكلات. طبّق خبرتك في منهجيات علم البيانات على بيانات حقيقية لتقديم رؤى و/أو نشر خوارزميات على منصة Databricks إدارة مشروعك الخاص من البداية إلى النهاية من جمع المتطلبات واستكشاف البيانات إلى تقديم الرؤى لأصحاب المصلحة و/أو نشر خوارزمية في بيئة الإنتاج ما نبحث عنه يجب أن تكون قد تخرجت في خريف عام 2025 أو ربيع عام 2026 بدرجة الماجستير أو الدكتوراه في مجال كمي (مثل الإحصاء أو الرياضيات أو علوم الكمبيوتر أو الفيزياء أو الاقتصاد أو بحوث العمليات أو الهندسة) وتتطلع إلى البدء على الفور. القدرة المثبتة على العمل مع البيانات في SQL وPython الخبرة في تحليل البيانات الإحصائية المتعددة وطرق التعلم الآلي مثل الانحدار الخطي المعمم وأشجار الانحدار والتصنيف وطرق التعلم غير الخاضعة للإشراف والاستدلال السببي والعمليات العشوائية والتنبؤ بالسلاسل الزمنية أنت متحمس لحل المشكلات الغامضة مع فريق تعاوني شفافية نطاق الأجور تلتزم Databricks بممارسات تعويض عادلة ومنصفة. يتم سرد نطاق (نطاقات) الأجور لهذا الدور أدناه ويمثل نطاق الراتب المتوقع للأدوار غير القابلة للعمولة أو أرباح مستهدفة للوظائف الخاضعة للعمولة. تعتمد حزم التعويضات الفعلية على عدة عوامل فريدة لكل مرشح، بما في ذلك على سبيل المثال لا الحصر، المهارات المتعلقة بالوظيفة، وعمق الخبرة، والشهادات والتدريبات ذات الصلة، وموقع العمل المحدد. بناءً على العوامل المذكورة أعلاه، تتوقع داتابريكس الاستفادة من كامل نطاق التعويضات. قد يشمل إجمالي حزمة التعويضات لهذا المنصب أيضًا الأهلية للحصول على مكافأة الأداء السنوية، وحقوق الملكية، والمزايا المذكورة أعلاه. لمزيد من المعلومات حول نطاق موقعك، تفضل بزيارة صفحتنا هنا. نطاق الراتب المحلي: 140,000 دولار أمريكي - 150,000 دولار أمريكي. نبذة عن داتابريكس: داتابريكس هي شركة متخصصة في البيانات والذكاء الاصطناعي. أكثر من 10,000 موظف.000 منظمة حول العالم - بما في ذلك Comcast وCond"
دفيئة,مهندس حلول التسليم (البيانات والذكاء الاصطناعي),كتل البيانات,مهندسو حلول التوصيل,,"أمستردام، هولندا",,426,"databricks، بايثون، سكالا، سبارك، sql",,9/10/2025,https://databricks.com/company/careers/open-positions/job?gh_jid=8094446002,"معرف الطلب: CSQ426R252 مسؤول التوظيف: دينا حسين الموقع: أمستردام، هولندا (أي موقع في هولندا) في Databricks، نحن في مهمة لتمكين عملائنا من حل أصعب مشاكل البيانات في العالم من خلال الاستفادة من منصة Databricks Data Intelligence. بصفتك مهندس حلول التسليم (DSA)، ستلعب دورًا مهمًا خلال هذه الرحلة. ستتعاون مع فرق المبيعات والهندسة الميدانية لدينا لتسريع اعتماد منصة Databricks ونموها لدى عملائك. ستساعد أيضًا في ضمان نجاح العملاء من خلال زيادة التركيز والمساءلة الفنية لعملائنا الأكثر تعقيدًا الذين يحتاجون إلى إرشادات لتسريع الاستخدام على أحمال عمل Databricks التي اختاروها بالفعل، مما يساعدهم على تعظيم القيمة التي يحصلون عليها من منصتنا والعائد على الاستثمار. هذا دور فني وتجاري مختلط. إنه عمل تجاري بمعنى أنك ستقود نمو عملائك وحالات استخدامك من خلال قيادة أصحاب المصلحة لدى عملائك، وبناء علاقات تنفيذية، وتنسيق فرق متخصصة أخرى داخل داتابريكس، ووضع خطط واستراتيجيات وتوجيهها ليبني عليها زملاء داتابريكس. هذا بالتوازي مع الجانب التقني، حيث يُتوقع منك أن تصبح قائدًا فنيًا لما بعد البيع لجميع منتجات داتابريكس. يتطلب هذا منك استخدام مهاراتك ومصداقيتك التقنية للتفاعل والتواصل على جميع المستويات مع المؤسسة. سترفع تقاريرك مباشرةً إلى مدير قسم الهندسة الميدانية في داتابريكس. التأثير الذي ستحدثه: التواصل مع مهندسي الحلول لفهم خطة طلب حالة الاستخدام الكاملة للعملاء ذوي الأولوية قيادة استراتيجية الحساب الفني بعد الفوز الفني وخطة التنفيذ لغالبية حالات استخدام Databricks داخل حساباتنا الأكثر استراتيجية كن القائد الفني المسؤول المعين لحالات استخدام محددة وعملاء عبر فرق بيع متعددة وأصحاب المصلحة الداخليين، مما يخلق اليقين من عدم اليقين ويقود التكامل والتمكين والنجاح والتشغيل المباشر والاستهلاك الصحي لأحمال العمل حيث اتخذ العميل قرارًا باستهلاك Databricks كن جهة الاتصال الأولى لأي مشكلات فنية أو أسئلة تتعلق بحالة الإنتاج / التشغيل المباشر لحالات الاستخدام المتفق عليها داخل حساب ما، وغالبًا ما تخدم حالات استخدام متعددة داخل أكبر المؤسسات وأكثرها تعقيدًا استفد من كل من الخدمات المشتركة وتثقيف المستخدم وخدمات التشغيل / الخدمات الفنية وموارد الدعم، جنبًا إلى جنب مع التصعيد إلى خبراء فنيين على مستوى الخبراء لبناء المهام المناسبة التي تتجاوز نطاق أنشطتك أو خبرتك إنشاء وجهة نظر حول كيفية تسريع حالات الاستخدام الرئيسية إلى الإنتاج، والتنسيق مع الخدمات المهنية (PS) الموارد المتعلقة بتسليم مقترحات مشاركة PS، انتقل إلى فرق المنتجات والهندسة في Databricks للتعرف على ابتكارات المنتجات الجديدة،المعاينات الخاصة واحتياجات الترقية قم بتطوير خطة تنفيذ تغطي جميع أنشطة جميع العملاء"
دفيئة,"مهندس حلول التسليم (البيانات والذكاء الاصطناعي، تسليم المشاريع)",كتل البيانات,مهندسو حلول التوصيل,,"لندن، المملكة المتحدة",,426,"databricks، بايثون، سكالا، سبارك، sql",,9/10/2025,https://databricks.com/company/careers/open-positions/job?gh_jid=8128927002,"CSQ426R275 في Databricks، نلتزم بتمكين عملائنا من حل أصعب مشاكل البيانات في العالم من خلال الاستفادة من منصة Databricks لاستخبارات البيانات. بصفتك مهندس حلول توصيل (DSA)، ستلعب دورًا هامًا خلال هذه الرحلة. ستتعاون مع فرق المبيعات والهندسة الميدانية لدينا لتسريع تبني منصة Databricks ونموها لدى عملائك. كما ستساعد في ضمان نجاح العملاء من خلال زيادة التركيز والمساءلة الفنية لعملائنا الأكثر تعقيدًا الذين يحتاجون إلى التوجيه لتسريع استخدام أحمال عمل Databricks التي اختاروها بالفعل، مما يساعدهم على تعظيم القيمة التي يحصلون عليها من منصتنا وعائد الاستثمار. هذا دور فني وتجاري مختلط. إنه تجاري بمعنى أنك ستقود النمو في عملائك المعينين وحالات الاستخدام من خلال قيادة أصحاب المصلحة لدى عملائك، وبناء علاقات تنفيذية، وتنسيق فرق متخصصة/متخصصة أخرى داخل Databricks، ووضع خطط واستراتيجيات وتوجيهها ليبني عليها زملاء Databricks. هذا بالتوازي مع كونك فنيًا، حيث يُتوقع منك أن تصبح مسؤولًا فنيًا لما بعد البيع لجميع منتجات Databricks. يتطلب هذا منك استخدام مهاراتك ومصداقيتك الفنية للتواصل والتفاعل على جميع المستويات مع المؤسسة. سترفع تقاريرك مباشرةً إلى مدير DSA في قسم الهندسة الميدانية. التأثير الذي ستحدثه: التواصل مع مهندسي الحلول لفهم خطة طلب حالة الاستخدام الكاملة للعملاء ذوي الأولوية قيادة استراتيجية الحساب الفني بعد الفوز الفني وخطة التنفيذ لغالبية حالات استخدام Databricks داخل حساباتنا الأكثر استراتيجية كن القائد الفني المسؤول المعين لحالات استخدام محددة وعملاء عبر فرق بيع متعددة وأصحاب المصلحة الداخليين، مما يخلق اليقين من عدم اليقين ويقود التكامل والتمكين والنجاح والتشغيل المباشر والاستهلاك الصحي لأحمال العمل حيث اتخذ العميل قرارًا باستهلاك Databricks كن جهة الاتصال الأولى لأي مشكلات فنية أو أسئلة تتعلق بحالة الإنتاج / التشغيل المباشر لحالات الاستخدام المتفق عليها داخل حساب، وغالبًا ما تخدم حالات استخدام متعددة داخل أكبر المؤسسات وأكثرها تعقيدًا استفد من كل من الخدمات المشتركة وتثقيف المستخدم وخدمات التشغيل / الخدمات الفنية وموارد الدعم، جنبًا إلى جنب مع التصعيد إلى خبراء فنيين على مستوى الخبراء لبناء المهام المناسبة التي تتجاوز نطاق أنشطتك أو خبرتك إنشاء وجهة نظر خاصة بها وتنفيذها حول كيفية تسريع حالات الاستخدام الرئيسية في الإنتاج، بالتنسيق مع موارد الخدمات المهنية (PS) حول تقديم مقترحات مشاركة PS، انتقل إلى فرق المنتجات والهندسة في Databricks للتعرف على ابتكارات المنتجات الجديدة والمعاينات الخاصة واحتياجات الترقية، وقم بتطوير خطة تنفيذ تغطي جميع أنشطة جميع الأدوار والفرق الفنية التي تواجه العملاء لتغطية مجالات العمل التالية:حالات الاستخدام الرئيسية للتحرك من"
دفيئة,مدير الهندسة - البيانات + إمكانية مراقبة الذكاء الاصطناعي,كتل البيانات,الهندسة التنفيذية - خطوط الأنابيب,,"بنغالورو، الهند",,995,"كتل البيانات، شرارة",,8/8/2025,https://databricks.com/company/careers/open-positions/job?gh_jid=7884603002,"تستثمر الشركات مليارات الدولارات في تطوير ونشر الذكاء الاصطناعي ومنصات البيانات التي تُمكّنه. ولكن هل يدركون ما يحدث؟ في Databricks، نحن شغوفون بتمكين فرق البيانات من حل أصعب مشاكل العالم - من جعل وسيلة النقل التالية حقيقة واقعة إلى تسريع تطوير الاختراقات الطبية. نقوم بذلك من خلال بناء وتشغيل أفضل منصة للبنية التحتية للبيانات والذكاء الاصطناعي في العالم حتى يتمكن عملاؤنا من استخدام رؤى البيانات العميقة لتحسين أعمالهم. أسسنا مهندسون - ومهووسون بالعملاء - نحن ننتهز كل فرصة لمواجهة التحديات التقنية، من تصميم واجهة المستخدم / تجربة المستخدم من الجيل التالي للتفاعل مع البيانات إلى توسيع نطاق خدماتنا وبنيتنا التحتية عبر ملايين الأجهزة الافتراضية. ونحن في البداية فقط. بصفتك أحد أوائل مديري الهندسة في فريق هندسة البرمجيات في Databricks India، ستعمل مع فريقك لتطوير المنتجات التي يستخدمها العملاء للحصول على رؤى حول أحمال عمل الذكاء الاصطناعي والبيانات الخاصة بهم، وتحسين أدائهم، وخفض التكاليف وبناء بنية تحتية للبيانات تعالج مليارات الإدخالات يوميًا، وتنشر في أكثر من 65 منطقة سحابية حول العالم، وتمكن بعضًا من أكبر الشركات في العالم من إجراء DevOps و FinOps، وظائف SecOps و AIOps. التأثير الذي ستحدثه: توظيف مهندسين متميزين لبناء فريق متميز. ضمان معايير تقنية عالية من خلال إنشاء عمليات (مراجعات البنية، والاختبار) وثقافة (التميز الهندسي). العمل مع الهندسة وقيادة المنتج لبناء خارطة طريق طويلة الأجل. تنسيق التنفيذ والتعاون بين الفرق لفتح المشاريع المتقاطعة. ما نبحث عنه: أكثر من 10 سنوات من الخبرة الواسعة في الأنظمة الموزعة واسعة النطاق إلى جانب العمليات المتعلقة بالاختبار والمراقبة واتفاقيات مستوى الخدمة وما إلى ذلك. خبرة واسعة كقائد هندسة برمجيات، وبناء وتوسيع فرق هندسة البرمجيات من الألف إلى الياء. خبرة واسعة في إدارة فريق من مهندسي البرمجيات الأقوياء. عقلية المنصة: بناء منصات فعالة لفرق البرمجيات الأخرى، والتكرار بسرعة لتقليل الاحتكاك عند التبني، والدعوة إلى استخدام المنصة بكالوريوس (أو أعلى) في علوم الكمبيوتر، أو مجال ذي صلة. حول Databricks Databricks هي شركة البيانات والذكاء الاصطناعي. أكثر من 10000 منظمة حول العالم - بما في ذلك Comcast و Condé Nast و Grammarly وأكثر من 50٪ من تعتمد شركات فورتشن 500 على منصة داتابريكس لاستخبارات البيانات لتوحيد البيانات والتحليلات والذكاء الاصطناعي وجعلها متاحة للجميع. يقع المقر الرئيسي لشركة داتابريكس في سان فرانسيسكو، ولها مكاتب حول العالم، وقد أسسها المؤسسون الأصليون لـ Lakehouse وApache Spark™ وDelta Lake وMLflow. لمعرفة المزيد، تابعوا داتابريكس على تويتر ولينكدإن وفيسبوك. المزايا: في داتابريكس، نسعى جاهدين لتوفير مزايا وحوافز شاملة تلبي احتياجات جميع موظفينا. لمزيد من التفاصيل حول المزايا المقدمة في منطقتك، يرجى زيارة https://www.mybenefitsnow.com/databricks.التزامنا بالتنوع والشمول في Databricks، نحن"
دفيئة,"مدير الهندسة - نظام AI OSS البيئي، سنغافورة",كتل البيانات,الهندسة التنفيذية - خطوط الأنابيب,,سنغافورة,,1389,"كتل البيانات، شرارة",,7/31/2025,https://databricks.com/company/careers/open-positions/job?gh_jid=7917,
