title,description,url,source,published_at
"Seamless Travel (facial recognition, no stop)","GDRFA’s Seamless Travel project lets travellers pass borders using AI facial recognition without stopping, showcased for GITEX 2024.","https://gdrfad.gov.ae/en/node/14376","GDRFA Dubai","2024-10-10T00:00:00Z"
"Pre-Registration Service (biometrics before arrival)","Travellers can pre-register biometric data before arriving in Dubai to speed airport procedures.","https://gdrfad.gov.ae/en/node/14376","GDRFA Dubai","2024-10-10T00:00:00Z"
"Esnad Digital Services Platform (staff enablement)","An internal digital services platform to support employees and improve service delivery.","https://gdrfad.gov.ae/en/node/14376","GDRFA Dubai","2024-10-10T00:00:00Z"
"AI-Powered Digital Assistant (customer support)","A 24/7 digital assistant providing immediate support across GDRFA’s digital channels.","https://gdrfad.gov.ae/en/node/14376","GDRFA Dubai","2024-10-10T00:00:00Z"
"Customer Sentiment Analysis System (facial & voice AI)","System uses AI on facial expressions and voice to measure customer satisfaction in real time.","https://gdrfad.gov.ae/en/node/14376","GDRFA Dubai","2024-10-10T00:00:00Z"
"Mobile Dock (portable biometrics)","A tablet/mobile dock that simplifies on-the-go biometric registration for travellers.","https://gdrfad.gov.ae/en/node/14376","GDRFA Dubai","2024-10-10T00:00:00Z"
"Cybersecurity Hackathon (GITEX 2024)","GDRFA organised a CTF-style hackathon at GITEX to build student skills in cybersecurity.","https://gdrfad.gov.ae/en/node/14375","GDRFA Dubai","2024-10-14T00:00:00Z"
"Red Carpet: passport-free departure corridor at DXB","DXB’s ‘Red Carpet’ smart corridor lets passengers complete departure in seconds — no passport or boarding pass.","https://gulfnews.com/business/aviation/dubai-airport-launches-red-carpet-worlds-first-passport-free-departure-corridor-1.500256973","Gulf News","2025-09-04T12:35:00Z"
Based Deals as Clients Demand Results – Outlook Business,"Generative artificial intelligence (GenAI) is accelerating demand for outcome-based deals rather than input-based ones. Such deals, which usually emerge during economic downturns, now seem to be becoming the new normal for the industry",https://www.outlookbusiness.com/in-depth/ai-pushes-it-services-to-outcome-based-deals-as-clients-demand-results,Outlook Business,2025-09-17T13:01:17Z
AI vs Machine Learning vs Deep Learning: Uncover Key Differences,"Artificial Intelligence (AI), Machine Learning (ML), and Deep Learning (DL) are often confused but represent different levels of technology. AI is the broad field, ML is a subset that learns from data, and DL is a specialized form of ML using neural networks.",https://www.newsx.com/education/ai-vs-machine-learning-vs-deep-learning-uncover-key-differences-72145/,NewsX,2025-09-17T08:30:36Z
Machine learning unravels quantum atomic vibrations in materials,"Caltech scientists have developed an artificial intelligence (AI)–based method that dramatically speeds up calculations of the quantum interactions that take place in materials. In new work, the group focuses on interactions among atomic vibrations, or phonons—interactions that govern a wide range of material properties, including heat transport, thermal expansion, and phase transitions. The new machine learning approach could be extended to compute all quantum interactions, potentially enabling encyclopedic knowledge about how particles and excitations behave in materials.",https://phys.org/news/2025-09-machine-unravels-quantum-atomic-vibrations.html,Phys.org,2025-09-16T19:16:03Z
How AI is undermining learning and teaching in universities,Letter: Prof Leo McCann and Prof Simon Sweeney say student misuse of generative artificial intelligence is widespread and we must be sceptical of its usefulness,https://www.theguardian.com/technology/2025/sep/16/how-ai-is-undermining-learning-and-teaching-in-universities,The Guardian,2025-09-16T16:22:48Z
Deep learning tool improves accuracy of lung nodule malignancy detection,An artificial intelligence (AI) deep learning tool that estimates the malignancy risk of lung nodules achieved high cancer detection rates while significantly reducing false-positive results.,https://www.news-medical.net/news/20250916/Deep-learning-tool-improves-accuracy-of-lung-nodule-malignancy-detection.aspx,News-Medical.net,2025-09-16T14:44:00Z
Deep learning model estimates cancer risk of lung nodules,"An artificial intelligence (AI) deep learning tool that estimates the malignancy risk of lung nodules achieved high cancer detection rates while significantly reducing false-positive results. Results of the study, which used data from large, multi-site lung cancer screening trials, were published in Radiology.",https://medicalxpress.com/news/2025-09-deep-cancer-lung-nodules.html,Medical Xpress,2025-09-16T14:00:04Z
AI Translation Risks Put Spotlight on Duolingo’s Pricey Multiple,Duolingo Inc. is facing risks from multiple angles as investors reassess the impact of artificial intelligence on the mobile foreign language learning platform.,https://www.bloomberg.com/news/articles/2025-09-16/ai-translation-risks-put-spotlight-on-duolingo-s-pricey-multiple,Bloomberg,2025-09-16T11:03:04Z
"How AI-based eye scans can detect high blood sugar, heart disease","GURUGRAM, Sept 16:  The integration of machine learning and artificial intelligence (AI) is providing a new lens for viewing retinal health, transforming the field of ophthalmology from a reactive one to proactive and predictive. Retinal images offer a non-invasive view of blood vessels and nerve fibres.  They are not just a window into the eye, but also a valuable diagnostic tool for a host of diseases. For instance, the narrowing of small blood vessels in the retina called retinal arterioles […]",https://www.dailyexcelsior.com/how-ai-based-eye-scans-can-detect-high-blood-sugar-heart-disease/,Daily Excelsior,2025-09-16T10:01:11Z
Finding your perfect match: The HP AI PC lineup made simple for consumers,"Artificial intelligence has officially passed “buzzword” status as it continues transforming the way we work and create. Now, the rise of AI PCs marks a turning point in personal computing to meet people where they are – whether they’re learning, creating, hustling, streaming, coding, or gaming. Consumers today are students, entrepreneurs, freelancers, and small business […]",https://www.digitaltrends.com/brc/finding-your-perfect-match-the-hp-ai-pc-lineup-made-simple-for-consumers/,Digital Trends,2025-09-15T17:30:00Z
A cognitive psychologist explains how AI affects the way we learn,Early research is beginning to reveal how artificial intelligence will impact learning and cognition over time.,https://www.fastcompany.com/91401800/cognitive-psychologist-explains-how-ai-affects-way-we-learn,Fast Company,2025-09-15T15:04:09Z
Google’s top AI scientist says ‘learning how to learn’ will be next generation’s most needed skill,The neuroscientist and former chess prodigy said artificial general intelligence could arrive within a decade.,https://indianexpress.com/article/technology/artificial-intelligence/googles-top-ai-scientist-says-learning-how-to-learn-will-be-next-generations-most-needed-skill-10250909/,The Indian Express,2025-09-15T07:55:52Z
Google's top AI scientist says ‘learning how to learn’ will be next generation's most needed skill,A top Google scientist and 2024 Nobel laureate says that the most important skill for the next generation will be “learning how to learn” to keep pace with change as artificial intelligence transforms education and the workplace. Speaking at an ancient Roman theater at the foot of the Acropolis in…,https://japantoday.com/category/tech/google%27s-top-ai-scientist-says-%E2%80%98learning-how-to-learn%E2%80%99-will-be-next-generation%27s-most-needed-skill,Japan Today,2025-09-14T20:30:00Z
Google's top AI scientist says ‘learning how to learn’ will be next generation's most needed skill,A top Google scientist and 2024 Nobel laureate says that the most important skill for the next generation will be “learning how to learn” to keep pace with change as artificial intelligence transforms education and the workplace. Speaking at an ancient Roman theater at the foot of the Acropolis in…,https://japantoday.com/category/tech/google's-top-ai-scientist-says-%E2%80%98learning-how-to-learn%E2%80%99-will-be-next-generation's-most-needed-skill,Japan Today,2025-09-14T20:30:00Z
OpenAI Partners With ARISE To Empower Indian Educators With AI Tools,"The Masterclass, delivered by OpenAI, offered practical demonstrations of how artificial intelligence can support teachers in lesson planning, improve student engagement, and personalize learning experiences. It highlighted the potential of AI not as a replacement for educators, but as a powerful ally in strengthening the teacher-learner relationship.",https://www.freepressjournal.in/education/openai-partners-with-arise-to-empower-indian-educators-with-ai-tools,Free Press Journal,2025-09-14T10:59:42Z
AI in healthcare education: The future of learning explained,Artificial Intelligence is revolutionising healthcare education by making training more immersive and personalised. This transformation promises better-prepared clinicians with improved skills and empathetic patient care.,https://www.indiatoday.in/information/story/ai-in-healthcare-education-the-future-of-learning-explained-2787064-2025-09-14,India Today,2025-09-14T07:51:42Z
"AI hits engineers hard: 67% say jobs are changing, 85% turn to upskilling","News News: With artificial intelligence rapidly reshaping industries, Indian engineers are confronting unprecedented disruption. A Great Learning survey reveals",https://timesofindia.indiatimes.com/education/news/ai-hits-engineers-hard-67-say-jobs-are-changing-85-turn-to-upskilling/articleshow/123870921.cms,Times of India,2025-09-13T14:29:00Z
"67% of engineers say AI is changing their jobs, 85% see upskilling as way forward","A latest survey by Great Learning has found that 67% of Indian engineers feel their roles are being reshaped by artificial intelligence. The survey has shown 85% plan to upskill in FY26, favouring short, job-focused programmes.",https://www.indiatoday.in/education-today/latest-studies/story/67-of-engineers-say-ai-is-changing-their-jobs-85-see-upskilling-as-way-forward-2786781-2025-09-13,India Today,2025-09-13T10:22:30Z
"Google's top AI scientist reveals the most important skill people will need to stay employable in the future, and it's not coding","Google's DeepMind CEO, Demis Hassabis, a 2024 Nobel laureate, emphasizes the importance of ""learning how to learn"" in the age of rapid AI advancements. He predicts significant changes and the potential arrival of artificial general intelligence within a decade, stressing the need for continuous learning throughout one's career.",https://economictimes.indiatimes.com/news/new-updates/googles-top-ai-scientist-reveals-the-most-important-skill-people-will-need-to-stay-employable-in-the-future-and-its-not-coding/articleshow/123863677.cms,The Economic Times,2025-09-13T05:41:00Z
Google DeepMind CEO says learning how to learn will be next generation's most needed skill,"Demis Hassabis, a Google DeepMind scientist, spoke in Athens. He highlighted the importance of learning how to learn. Rapid AI changes demand new skills. Hassabis predicts artificial general intelligence could arrive within a decade. This could lead to radical abundance. Greek Prime Minister Kyriakos Mitsotakis discussed AI use in government. He warned about potential financial inequality.",https://economictimes.indiatimes.com/tech/technology/google-deepmind-ceo-says-learning-how-to-learn-will-be-next-generations-most-needed-skill/articleshow/123863847.cms,The Economic Times,2025-09-13T04:55:12Z
Google’s top AI scientist says ‘learning how to learn’ will be next generation’s most needed skill,"ATHENS, Greece: A top Google scientist and 2024 Nobel laureate said Friday that the most important skill for the next generation will be “learning how to learn” to keep pace with change as Artificial Intelligence transforms education and the workplace. Speaking at an ancient Roman theater at the foot of the Acropolis in Athens, Demis Hassabis, CEO of Google’s DeepMind, said",https://www.arabnews.com/node/2615122/media,Arab News,2025-09-13T04:17:12Z
Google's top AI scientist says ‘learning how to learn’ will be next generation's most needed skill,"ATHENS, Greece — A top Google scientist and 2024 Nobel laureate said Friday that the most important skill for the next generation will be “learning how to learn” to keep pace with change as Artificial Intelligence transforms education and the workplace.",https://www.manilatimes.net/2025/09/13/business/foreign-business/googles-top-ai-scientist-says-learning-how-to-learn-will-be-next-generations-most-needed-skill/2183810,The Manila Times,2025-09-13T03:12:00Z
Google's AI leader says learning how to learn is key human skill of the future of work,"Google's DeepMind CEO Demis Hassabis says the most valuable human skill for the future will be “learning how to learn” as artificial intelligence transforms education, careers and daily life.",https://apnews.com/article/greece-google-artificial-intelligence-hassabis-85bff114c30cbea4b951ab93dcc1e6d1,The Associated Press,2025-09-12T20:50:38Z
Google's top AI scientist says ‘learning how to learn’ will be next generation's most needed skill,"Google's DeepMind CEO Demis Hassabis says the most valuable human skill for the future will be “learning how to learn” as artificial intelligence transforms education, careers and daily life.",https://www.clickondetroit.com/tech/2025/09/12/googles-top-ai-scientist-says-learning-how-to-learn-will-be-next-generations-most-needed-skill/,WDIV ClickOnDetroit,2025-09-12T20:50:37Z
AI scientist says ‘learning how to learn’ will be next generation's most needed skill,"Google's DeepMind CEO Demis Hassabis says the most valuable human skill for the future will be “learning how to learn” as artificial intelligence transforms education, careers and daily life",https://abcnews.go.com/Business/wireStory/googles-top-ai-scientist-learning-learn-generations-needed-125526617,ABC News,2025-09-12T20:50:37Z
Google's Top AI Scientist Says ‘Learning How to Learn’ Will Be Next Generation's Most Needed Skill,"ATHENS, Greece (AP) — A top Google scientist and 2024 Nobel laureate said Friday that the most important skill for the next generation will be “learning how to learn” to keep pace with change as Artificial Intelligence transforms education and the workplace.",https://www.usnews.com/news/technology/articles/2025-09-12/googles-top-ai-scientist-says-learning-how-to-learn-will-be-next-generations-most-needed-skill,U.S. News & World Report,2025-09-12T20:50:00Z
Daystar University and MindHYVE.ai Launch AI-Powered Higher Education Transformation in Kenya,"**media[745260]**NAIROBI, Kenya and NEWPORT BEACH, Calif, Sept. 12, 2025 /PRNewswire/ -- Daystar University, one of Kenya's premier private Christian liberal arts institutions, and MindHYVE.ai, Inc., a global innovator in artificial intelligence, have entered into a landmark partnership to embed ArthurAI™, MindHYVE's agentic AI learning platform, across Daystar's academic ecosystem.**media[745261]**",https://www.manilatimes.net/2025/09/12/tmt-newswire/pr-newswire/daystar-university-and-mindhyveai-launch-ai-powered-higher-education-transformation-in-kenya/2183230,The Manila Times,2025-09-11T22:28:18Z
Selfies with Caesar - Techville’s latest toy and the death of the moment,"The device arrived without ceremony. A small, humming disc, like a pocket mirror crossed with a UFO, and a single instruction: “Point, pose, pick your icon.” Within 48 hours, Techville had gone completely mad. The new gadget, known only as EGO-Snap, uses advanced artificial intelligence-driven photogrammetry, deep-learning facial synthesis and a healthy disregard for history",https://www.arabnews.com/node/2614976,Arab News,2025-09-11T22:23:00Z
Craft Silicon and MindHYVE.ai Forge Strategic Partnership to Deploy Agentic AI Across Africa's Workforce and Education Systems,"**media[745237]**NAIROBI, Kenya and NEWPORT BEACH, Calif., Sept. 12, 2025 /PRNewswire/ -- Craft Silicon Ltd., a leading global fintech innovator headquartered in Nairobi, and MindHYVE.ai, Inc., a pioneer in agentic artificial intelligence (AGI), announced a Memorandum of Understanding (MoU) to introduce ArthurAI™, a next-generation autonomous learning platform, into African markets.**media[745238]**",https://www.manilatimes.net/2025/09/12/tmt-newswire/pr-newswire/craft-silicon-and-mindhyveai-forge-strategic-partnership-to-deploy-agentic-ai-across-africas-workforce-and-education-systems/2183225,The Manila Times,2025-09-11T22:08:15Z
Turbolearn AI: The Future of AI Study Tools for Smarter Learning,"Artificial Intelligence (AI) is reshaping the way we live, work, and learn. In education, AI-powered platforms are transforming traditional study methods into smart, personalized learning experiences. Among these innovations, Turbolearn stands out as a powerful AI study tool designed to help students, educators, and lifelong learners study smarter, not harder. What is Turbolearn AI? Turbolearn […]",https://techbullion.com/turbolearn-ai-the-future-of-ai-study-tools-for-smarter-learning/,TechBullion,2025-09-11T18:58:57Z
How AI and Machine Learning are Shaping the Future of Mobile Apps,"New Delhi [India], September 11: Mobile apps have already changed the way we live- but now Artificial Intelligence (AI) and Machine Learning (ML) are revolutionizing mobile apps themselves, and making them smarter and more personalized for users. From AI-powered chatbots to predictive analytics, these technologies help businesses improve app functionality, boost user engagement and deliver a seamless experience.",https://www.tribuneindia.com/news/business/how-ai-and-machine-learning-are-shaping-the-future-of-mobile-apps/,The Tribune,2025-09-11T08:35:24Z
How AI and Machine Learning are Shaping the Future of Mobile Apps,"How AI and Machine Learning are Shaping the Future of Mobile Apps - PNN New Delhi [India], September 11: Mobile apps have already changed the way we live- but now Artificial Intelligence ... Get Latest News on Business only on lokmattimes.com",https://www.lokmattimes.com/business/how-ai-and-machine-learning-are-shaping-the-future-of-mobile-apps/,Lokmat Times,2025-09-11T08:32:49Z
Surya Narayana Chakka presents his visionary book which examines AI and ML applications for ERP system transformation,Surya Narayana Chakka The digital economy operates at an unprecedented rate which forces businesses to transform their operational systems and supply chain management and customer relations approaches. The competitive landscape demands that Enterprise Resource Planning (ERP) systems evolve to incorporate artificial intelligence (AI) and machine learning (ML) and predictive analytics features for businesses to stay […],https://techbullion.com/surya-narayana-chakka-presents-his-visionary-book-which-examines-ai-and-ml-applications-for-erp-system-transformation/,TechBullion,2025-09-11T08:29:48Z
Empowering Educators: Unveiling AI's Role in Modern Classrooms,"Artificial intelligence in education is evolving rapidly, outpacing current schools' and universities' preparedness. Informal learning networks spread AI knowledge among students and teachers, but lack depth and focus on ethical issues. Structured professional development for educators is crucial to fostering critical engagement and effective AI integration.",https://www.devdiscourse.com/article/education/3623637-empowering-educators-unveiling-ais-role-in-modern-classrooms,Devdiscourse,2025-09-11T06:40:25Z
Empowering Minds: The Rise of Artificial Intelligence in Education Curricula,"New Delhi [India], September 10: The education landscape is one of the most transformed domains of Artificial Intelligence (AI), as institutions across the globe realise its significant potential. From personalised learning experiences to AI-powered assessments, AI is redefining how knowledge is created, delivered, and absorbed. Hence, educational institutions have adopted robust frameworks to integrate AI into their curriculum, ensuring that students not only understand the nuances of the technology but also learn to apply it ethically and effectively.",https://www.tribuneindia.com/news/business/empowering-minds-the-rise-of-artificial-intelligence-in-education-curricula/,The Tribune,2025-09-10T04:50:17Z
PwC launches gen AI 'colleague' for tax functions,"MUMBAI, Sep 9 : PwC India on Tuesday introduced a generative artificial intelligence platform to help clients with tax and regulatory functions. Billed as ‘GenAI colleague’ for tax function, the platform christened ‘Navigate Tax Hub’ leverages advanced AI, PwC’s tax expertise, and secure document integration to drive efficiency, accuracy, and value for tax teams, according to a statement. It is aimed at driving efficiencies in the tax function and also helps the tax teams become much more effective and value-adding […]",https://www.dailyexcelsior.com/pwc-launches-gen-ai-colleague-for-tax-functions/,Daily Excelsior,2025-09-10T00:18:49Z
Umesh Kumar: AI in Clinical Development - Transforming Research with Intelligence,"In fast-paced evolving clinical development, the synergy between Artificial Intelligence (AI) and Machine Learning (ML) has become the benchmark. Spearheading this movement is Umesh Kumar, Associate Statistical Programming Director at IQVIA RDS (India) Private Limited, whose foresighted vision and insight keep redefining the horizon in health. Having over 17 years of global experience, Umesh is […]",https://techbullion.com/umesh-kumar-ai-in-clinical-development-transforming-research-with-intelligence/,TechBullion,2025-09-09T16:46:28Z
Artificial intelligence key to advancing food security through microbiome analysis,"Machine learning algorithms have been used to predict cancer progression, identify early signs of Parkinson’s disease, and assess comorbidities such as heart failure and depression by combining metagenomics with metabolomics. Random forests, support vector machines, long short-term memory networks, and gradient boosting ensembles dominate the field, often combined with principal component analysis to manage high-dimensional datasets.",https://www.devdiscourse.com/article/technology/3617443-artificial-intelligence-key-to-advancing-food-security-through-microbiome-analysis,Devdiscourse,2025-09-09T11:20:06Z
How AI and Automation Are Shaping the Future of Debt Management,"The landscape of debt management is undergoing a significant transformation, moving away from traditional, often intrusive methods towards more sophisticated, empathetic, and efficient strategies.  At the heart of this evolution is the increasing integration of technology: artificial intelligence (AI), machine learning (ML), and automation. These technologies streamline processes and redefine debt resolution, making it more […]",https://techbullion.com/how-ai-and-automation-are-shaping-the-future-of-debt-management/,TechBullion,2025-09-09T07:25:39Z
How to Develop an AI Avatar Generator App Like Lensa AI?,"Having an AI Avatar Generator App is now a popular and cutting-edge startup and development project. An AI Avatar Generator App uses advanced artificial intelligence and machine learning algorithms to transform user pictures into an original, individualized avatar using style-transfer neural networks. The avatars created by Avatars that are rendered by Lensa AI are highly […]",https://techbullion.com/how-to-develop-an-ai-avatar-generator-app-like-lensa-ai/,TechBullion,2025-09-
