tags,name,score,trend_3m,trend_12m,whats_happening,why_it_matters,key_insight,funding
healthcare ai,Generative AI in Healthcare,87,45.2,234.7,AI systems generating synthetic medical data and assisting in drug discovery.,Reduces clinical trial costs by up to 40% and accelerates drug development.,AI is transforming healthcare faster than any other industry — expect breakthrough medical AI apps this year.,$1200M
finance ai,AI for Fraud Detection,82,33.1,198.4,Banks are deploying AI to detect fraudulent transactions in real time.,Protects billions in potential losses and builds customer trust.,Fraud-related AI spending expected to surpass $10B by 2026.,$800M
climate ai,AI for Climate Modeling,78,29.5,165.2,AI models predicting extreme weather and CO2 impact.,Helps governments and companies plan climate resilience strategies.,UN estimates AI could reduce global emissions by 10–15%.,$600M
education ai,AI Tutoring Systems,74,38.9,172.0,Generative AI powering adaptive tutors in classrooms.,Expands access to personalized education worldwide.,"By 2030, 50% of students may interact with AI tutors daily.",$450M
automotive ai,Autonomous Vehicles,90,22.5,112.4,Self-driving cars advancing with new safety pilots.,"Promises safer roads, lower transport costs, and new mobility models.",Over $100B has been invested in autonomous driving since 2015.,$5000M
retail ai,AI-Powered Personal Shopping,70,41.2,150.3,AI assistants curating product recommendations online.,Boosts e-commerce sales and customer satisfaction.,Personalized shopping drives 30% higher conversion rates.,$300M
cybersecurity ai,AI for Threat Detection,85,35.4,210.1,AI detecting malware and phishing attacks at scale.,Reduces breaches and enhances enterprise security posture.,Cybersecurity AI market to hit $133B by 2030.,$950M
manufacturing ai,AI in Smart Factories,77,28.6,158.9,AI-driven robots optimizing production lines.,"Improves efficiency, lowers costs, and reduces downtime.",Factories with AI report 20% higher productivity.,$500M
agriculture ai,AI for Precision Farming,73,32.1,142.5,"AI monitoring soil, irrigation, and crop health.",Increases yield and reduces resource consumption.,AI in agriculture expected to grow 25% CAGR by 2030.,$400M
energy ai,AI for Smart Grids,80,27.7,190.8,AI optimizing energy demand and supply in real time.,Enables renewable integration and reduces outages.,Smart grids could save $300B in global energy costs by 2035.,$700M
healthcare ai,AI Drug Discovery,88,48.3,240.1,AI algorithms designing novel molecules.,Reduces drug R&D timelines from 10 years to under 5.,Over 20 drugs discovered by AI entered trials in 2024.,$1500M
finance ai,AI in Wealth Management,72,20.5,118.9,Robo-advisors offering personalized investment strategies.,Democratizes wealth management access.,AI-based advisory expected to manage $3T by 2030.,$350M
climate ai,AI for Carbon Capture Optimization,68,18.7,99.5,AI models improving efficiency of carbon capture plants.,Supports climate goals and lowers industrial emissions.,Carbon capture AI projects raised $1.2B in 2024.,$1200M
education ai,AI for Language Learning,75,39.8,160.6,AI tutors offering real-time feedback for learners.,Accelerates multilingual education adoption.,Duolingo and others report 40% better learning outcomes with AI.,$380M
automotive ai,AI Traffic Optimization,71,26.4,135.0,Cities deploying AI to reduce congestion.,Cuts commute times and lowers emissions.,AI-enabled traffic systems can reduce travel delays by 25%.,$500M
retail ai,AI Supply Chain Optimization,79,34.7,176.2,AI forecasting demand and managing logistics.,Reduces shortages and improves delivery times.,Retailers with AI supply chains save 15% annually.,$650M
cybersecurity ai,AI for Identity Protection,76,31.5,149.3,AI monitoring identity theft and fraud attempts.,Safeguards digital identity in a hyperconnected world.,Identity AI market projected at $25B by 2028.,$420M
manufacturing ai,Generative Design AI,83,36.9,202.1,AI generating optimal product designs.,Accelerates R&D cycles and reduces material waste.,Generative design adoption expected to double by 2026.,$550M
agriculture ai,AI for Livestock Monitoring,69,21.8,122.7,AI systems tracking animal health and nutrition.,Reduces disease risk and boosts production efficiency.,AI livestock monitoring market growing 18% CAGR.,$200M
energy ai,AI in Renewable Energy Forecasting,81,40.2,188.7,"AI predicting wind, solar, and hydro outputs.",Improves integration into power grids.,Forecasting AI reduces renewable energy waste by 30%.,$600M
healthcare ai,AI in Medical Imaging,84,30.9,170.4,"AI reading X-rays, MRIs, and CT scans.",Speeds up diagnosis and improves accuracy.,FDA approved 300+ AI imaging tools since 2022.,$1100M
finance ai,AI for Credit Scoring,67,19.4,97.2,AI assessing creditworthiness beyond traditional scores.,Expands financial access to underserved groups.,AI-based scoring improves loan repayment prediction by 20%.,$250M
climate ai,AI for Disaster Response,79,42.5,185.6,"AI predicting floods, fires, and earthquakes faster.",Improves disaster preparedness and response.,AI reduced disaster recovery times by 30% in pilots.,$550M
education ai,AI Proctoring Systems,65,15.3,90.7,AI monitoring online exams for integrity.,Ensures fairness in remote education.,AI exam monitoring adoption surged 3x since 2020.,$150M
automotive ai,AI for Fleet Management,73,28.2,145.9,"AI tracking routes, maintenance, and fuel use.",Cuts logistics costs and emissions.,Fleet AI expected to manage 80% of logistics fleets by 2030.,$450M
retail ai,AI-Powered Checkout Systems,77,33.6,170.8,AI enabling cashierless retail experiences.,Speeds up shopping and reduces labor costs.,AI checkout adoption forecast to reach $45B market by 2030.,$700M
cybersecurity ai,AI for Cloud Security,86,37.8,215.3,AI preventing cloud breaches and data leaks.,Supports secure cloud migration.,90% of enterprises plan AI-driven cloud security by 2027.,$980M
manufacturing ai,AI Predictive Maintenance,88,43.1,220.0,AI predicting machine failures before they occur.,Reduces downtime and maintenance costs.,Predictive AI saves manufacturers $100B annually.,$1200M
agriculture ai,AI for Food Waste Reduction,66,17.9,88.2,AI predicting food spoilage and optimizing distribution.,Reduces food waste globally and improves supply chains.,AI could help cut global food waste by 25% by 2030.,$300M
